Account,Coin,Execution Price,Size Tokens,Size USD,Side,Timestamp IST,Start Position,Direction,Closed PnL,Transaction Hash,Order ID,Crossed,Fee,Trade ID,Timestamp
0xae5eacaf9c6b9111fd53034a602c192a04e082ed,DYDX,0.55295,4069.0,2249.95,BUY,11-03-2025 13:34,304070.7,Open Long,0.0,0x68d7fed49560cb1e2764041f54302101bc009a22fff7f92e23269fe950249d25,78982420617,True,0.755983,448000000000000.0,1740000000000.0
0xae5eacaf9c6b9111fd53034a602c192a04e082ed,DYDX,0.52905,14048.2,7432.2,BUY,08-04-2025 20:50,520600.1,Open Long,0.0,0x83c9e316f590797a964f042126f938020205000a3f21a8e1e2d56f96a9f040ff,84997192549,True,2.497219,284000000000000.0,1740000000000.0
0xae5eacaf9c6b9111fd53034a602c192a04e082ed,GMX,13.652,164.81,2249.99,SELL,09-04-2025 23:21,367.78,Close Long,256.625651,0xe9169b812ef266250dbf0421393ff402014200f0af3d8ea689f97ce1bd021733,85378937833,True,0.755995,418000000000000.0,1740000000000.0
0xae5eacaf9c6b9111fd53034a602c192a04e082ed,GMX,14.993,11.26,168.82,BUY,24-04-2025 23:01,987.81,Open Long,0.0,0x2dd610012782f34e6b8604222c45010201c1006db5405f762d1488be6cf54ae1,88642822002,True,0.056723,593000000000000.0,1750000000000.0
0x72c6a4624e1dffa724e6d00d64ceae698af892a0,EIGEN,4.078,18.34,74.79,SELL,27-09-2024 20:42,-23609.84,Open Short,0.0,0x0000000000000000000000000000000000000000000000000000000000000000,39375405616,False,0.007179,854000000000000.0,1730000000000.0
0x72c6a4624e1dffa724e6d00d64ceae698af892a0,EIGEN,3.9777,35.79,142.36,SELL,30-09-2024 11:26,-32708.31,Open Short,0.0,0x0000000000000000000000000000000000000000000000000000000000000000,39610184875,False,0.013666,496000000000000.0,1730000000000.0
0x72c6a4624e1dffa724e6d00d64ceae698af892a0,EIGEN,3.9777,35.78,142.32,SELL,30-09-2024 11:30,-32994.57,Open Short,0.0,0x0000000000000000000000000000000000000000000000000000000000000000,39610184875,False,0.013662,359000000000000.0,1730000000000.0
0x72c6a4624e1dffa724e6d00d64ceae698af892a0,HYPE,29.277,955.68,27979.44,SELL,29-12-2024 05:19,-37456.12,Open Short,0.0,0x3899f332463b5f421524041a2ab2860164000fbaf324b07d30c98a7291101cea,58531620568,False,2.686026,458000000000000.0,1740000000000.0
0x72c6a4624e1dffa724e6d00d64ceae698af892a0,HYPE,25.455,776.44,19764.28,SELL,05-01-2025 2:53,-42465.36,Open Short,0.0,0x4dbc67d3502b125494ed041aaa3f9d01670001ee948735ddb04744a0091c8816,60221991116,False,1.89737,496000000000000.0,1740000000000.0
0x72c6a4624e1dffa724e6d00d64ceae698af892a0,HYPE,25.31,104.26,2638.82,SELL,06-01-2025 18:11,-44756.61,Open Short,0.0,0x51d51586f15717abea1c041acc5d25017700537d05df338db06432eb39704813,60927561231,False,0.253326,428000000000000.0,1740000000000.0
0x72c6a4624e1dffa724e6d00d64ceae698af892a0,HYPE,17.1,1885.0,32233.5,BUY,04-03-2025 7:05,-16279.3,Close Short,13735.0525,0xdc2f3026d3ef3c441115041edcdde602070a000d989fe347c8a27e91df387100,76775520390,False,3.094416,607000000000000.0,1740000000000.0
0x72c6a4624e1dffa724e6d00d64ceae698af892a0,S,0.521,953.0,496.51,BUY,04-03-2025 7:51,-51158.0,Close Short,-88.4384,0xdd52498e1b9d42f1977a041edd5f6202065700071b233f00a7440eccb2222baa,74815590685,False,0.047664,70800000000000.0,1740000000000.0
0x72c6a4624e1dffa724e6d00d64ceae698af892a0,XRP,2.1,238.0,499.8,BUY,16-04-2025 02:22,-1796.0,Close Short,42.2688,0xd71653f46f1e97b32faa04219d487c020a2900d07abc665c8a9692a06acfd44c,86658332403,False,0.04798,124000000000000.0,1740000000000.0
0x513b8629fe877bb581bf244e326a047b249c4ff1,@107,12.432,737.3,9166.11,BUY,09-12-2024 21:24,355.7104416,Buy,0.0,0xa84c92e64cc563e6955a0418d15ca901dd008956556a77600508d12277bdebee,53944564920,True,0.2477327,455000000000000.0,1730000000000.0
0x513b8629fe877bb581bf244e326a047b249c4ff1,@107,25.118,197.74,4966.83,SELL,14-02-2025 00:31,13581.58975,Sell,1062.178947,0x4f6ab9c6d2870dd44380041db2b32901f6007fc39f7c244bf406a454af577f20,72089167475,True,1.668855,1040000000000000.0,1740000000000.0
0x513b8629fe877bb581bf244e326a047b249c4ff1,@107,26.282,28.53,749.83,BUY,17-02-2025 08:28,9537.813972,Buy,0.0,0x9adbfb508d497606fae9041de7e48d0201e300d9f4ef203b00b626163efd7a77,72794705381,True,0.00958602,739000000000000.0,1740000000000.0
0x513b8629fe877bb581bf244e326a047b249c4ff1,@107,26.408,151.66,4005.04,BUY,17-02-2025 08:54,33925.76687,Buy,0.0,0xfb5346bf23f4087d22e7041de8302d01ba00fb33a9672b4f63ac5fd2a91cdd80,72797988288,True,0.05095774,551000000000000.0,1740000000000.0
0x513b8629fe877bb581bf244e326a047b249c4ff1,HYPE,14.968,397.45,5949.03,SELL,19-03-2025 21:00,-3081.93,Open Short,0.0,0xc239806b8bd2a00fc7f4041fdd77fd0201d000de6f210d468577f0d5b1bfdad4,80760806418,True,1.998874,297000000000000.0,1740000000000.0
0x513b8629fe877bb581bf244e326a047b249c4ff1,BTC,85522.0,0.0001,8.55,SELL,20-03-2025 02:04,0.0001,Close Long,0.29095,0x0000000000000000000000000000000000000000000000000000000000000000,80821481686,False,0.00082,662000000000000.0,1740000000000.0
0x513b8629fe877bb581bf244e326a047b249c4ff1,HYPE,15.071,139.13,2096.83,SELL,20-03-2025 02:09,1118.81,Close Long,68.618916,0x48bcc294dce36e40126a041fe117d40202ff00f8e2dffd0e5b94ade29b85a6b1,80822037425,False,0.201294,912000000000000.0,1740000000000.0
0x513b8629fe877bb581bf244e326a047b249c4ff1,HYPE,14.619,20.52,299.98,BUY,27-03-2025 07:02,653.2,Open Long,0.0,0x3e0b4233d29eb7bb412804205793c902011f00d5d8e8c2ad92553e13e28bda39,82025657919,True,0.100793,601000000000000.0,1740000000000.0
0x513b8629fe877bb581bf244e326a047b249c4ff1,HYPE,14.774,53.4,788.93,SELL,28-03-2025 07:22,4848.53,Close Long,7.01142,0x2105e6a80204cef1a34e0420683fdb01f800b99aec22a8bd0669b91843c4e533,82211169766,True,0.26508,189000000000000.0,1740000000000.0
0x513b8629fe877bb581bf244e326a047b249c4ff1,HYPE,12.18,1675.42,20406.62,BUY,03-04-2025 5:58,15404.64,Open Long,0.0,0x8836a2c3732563d291750420ca8a0902014d00fec7fbb236c30e99c105bf26c7,83532736443,False,1.959034,372000000000000.0,1740000000000.0
0x513b8629fe877bb581bf244e326a047b249c4ff1,BTC,76783.0,0.20959,16092.95,BUY,07-04-2025 17:10,-0.20959,Close Short,403.04157,0x7376411d61c293255cc2042113f39b0201b00088a0b773c11757e98bd03bfa4b,84616151278,True,5.40723,617000000000000.0,1740000000000.0
0x513b8629fe877bb581bf244e326a047b249c4ff1,BTC,79103.0,0.0189,1495.05,BUY,08-04-2025 2:18,5.71743,Open Long,0.0,0x3269e7c5b89c81426c4d04211a3e6d019a00b4bede3d8b4eff9040b53032e053,84799682087,False,0.143523,807000000000000.0,1740000000000.0
0x513b8629fe877bb581bf244e326a047b249c4ff1,BTC,80392.0,0.00017,13.67,BUY,10-04-2025 20:53,-11.35646,Close Short,0.131444,0xf7ff14a4f0e22925382b0421480afa02029900aa23eeebfa20760a992064f434,85610828347,False,0.001311,212000000000000.0,1740000000000.0
0x513b8629fe877bb581bf244e326a047b249c4ff1,BTC,80392.0,0.00019,15.27,BUY,10-04-2025 20:53,-6.64625,Close Short,0.146908,0x16bec9cf0ce69237e6c60421480bda01fe00dfd1d81c1f1d1810c06b9e8d8785,85610828347,False,0.001465,1080000000000000.0,1740000000000.0
0x513b8629fe877bb581bf244e326a047b249c4ff1,BTC,78837.0,0.33326,26273.22,BUY,10-04-2025 21:30,15.56781,Open Long,0.0,0xac3effbc6fa212035ad8042148781102022800a1c9f2d15ea91f6d3f524002a9,85622437299,False,2.522228,505000000000000.0,1740000000000.0
0x513b8629fe877bb581bf244e326a047b249c4ff1,BTC,83260.0,0.12011,10000.36,SELL,12-04-2025 4:55,-8.20062,Open Short,0.0,0xe6225a3386100fc7c91904215de194018700ec1752a3fda2e1214a9934a91d13,85920728399,True,2.880102,478000000000000.0,1740000000000.0
0x513b8629fe877bb581bf244e326a047b249c4ff1,BTC,83243.0,0.59667,49668.6,SELL,12-04-2025 4:55,-41.0119,Open Short,0.0,0xe6225a3386100fc7c91904215de194018700ec1752a3fda2e1214a9934a91d13,85920728399,True,14.304556,142000000000000.0,1740000000000.0
0x513b8629fe877bb581bf244e326a047b249c4ff1,BTC,83189.0,0.00015,12.48,SELL,12-04-2025 4:58,-1.42198,Open Short,0.0,0x6b313e029807198fba0f04215de94801ac001092edd85e7c214059795735b0c6,85920946401,True,0.003743,783000000000000.0,1740000000000.0
0x513b8629fe877bb581bf244e326a047b249c4ff1,BTC,83411.0,0.012,1000.93,SELL,12-04-2025 5:19,-55.89194,Open Short,0.0,0xd59ab43c2d15eb1e971c04215e230602016300be7d6392dc508ada660783e02d,85922621645,True,0.300279,353000000000000.0,1740000000000.0
0x513b8629fe877bb581bf244e326a047b249c4ff1,BTC,83265.0,0.0073,607.83,SELL,12-04-2025 5:50,-69.72401,Open Short,0.0,0xc1465588a341830dce0b04215e7d0202012f005a447bc0c373f260bf5a2d386d,85926275185,True,0.151958,763000000000000.0,1740000000000.0
0x513b8629fe877bb581bf244e326a047b249c4ff1,BTC,83281.0,0.95345,79404.27,BUY,12-04-2025 5:59,-69.2052,Close Short,-42.428525,0x183a84cbd2555bb4e7e404215e968201680049a3c71fee6d1ca663e411e19600,85927531011,True,19.851067,573000000000000.0,1740000000000.0
0x513b8629fe877bb581bf244e326a047b249c4ff1,BTC,83287.0,0.12006,9999.44,BUY,12-04-2025 5:59,-60.43731,Close Short,-6.06303,0x183a84cbd2555bb4e7e404215e968201680049a3c71fee6d1ca663e411e19600,85927531011,True,2.499859,345000000000000.0,1740000000000.0
0x513b8629fe877bb581bf244e326a047b249c4ff1,BTC,83088.0,0.00015,12.46,SELL,12-04-2025 9:15,28.22466,Close Long,0.031425,0x04142cf779dc722c14a2042160c2e70201900060892c1a0b1448bda3a619e60b,85949279872,True,0.003115,167000000000000.0,1740000000000.0
0x513b8629fe877bb581bf244e326a047b249c4ff1,BTC,83078.0,0.24073,19999.37,SELL,12-04-2025 9:15,15.79658,Close Long,48.025635,0x04142cf779dc722c14a2042160c2e70201900060892c1a0b1448bda3a619e60b,85949279872,True,4.999841,64400000000000.0,1740000000000.0
0x513b8629fe877bb581bf244e326a047b249c4ff1,BTC,83072.0,0.25,20768.0,SELL,12-04-2025 9:15,0.25,Close Long,48.375,0x04142cf779dc722c14a2042160c2e70201900060892c1a0b1448bda3a619e60b,85949279872,True,5.192,963000000000000.0,1740000000000.0
0x513b8629fe877bb581bf244e326a047b249c4ff1,BTC,85585.0,0.11684,9999.75,BUY,15-04-2025 16:09,-14.66393,Close Short,6.89356,0xc3d3e0b2af608cf3d7900421965218018e00732a6f63656e1d40d2aad707741e,86695577373,True,2.499937,109000000000000.0,1740000000000.0
0x513b8629fe877bb581bf244e326a047b249c4ff1,BTC,84714.0,3.58566,303755.6,SELL,16-04-2025 21:53,-45.89515,Open Short,0.0,0x40a8a61ef6a2c2b7b1e70421aa7ce302015f00611523947c0a5d856309d2a154,86976957746,True,69.863788,345000000000000.0,1740000000000.0
0x513b8629fe877bb581bf244e326a047b249c4ff1,BTC,85100.0,0.011,936.1,SELL,16-04-2025 22:31,34.89975,Close Long,3.7664,0xde338902a281a9d8f9390421aaea220205bc0083d6f77123978898637ba353a8,86983564107,False,0.0,683000000000000.0,1740000000000.0
0x513b8629fe877bb581bf244e326a047b249c4ff1,BTC,85134.0,0.39945,34006.78,BUY,16-04-2025 22:39,0.03229,Open Long,0.0,0x29703e4c4d19c55f7c410421ab02d702014700191f51b5710460ef737acef55b,86985565695,False,0.0,503000000000000.0,1740000000000.0
0x513b8629fe877bb581bf244e326a047b249c4ff1,BTC,85134.0,0.006,510.8,BUY,16-04-2025 22:39,26.99384,Open Long,0.0,0x97a5da236b1963a6cd050421ab035002047600ab76fd58335f74634ed42d444f,86985565695,False,0.0,15800000000000.0,1740000000000.0
0x513b8629fe877bb581bf244e326a047b249c4ff1,BTC,85134.0,0.00244,207.73,BUY,16-04-2025 22:39,48.36597,Open Long,0.0,0xe55c90463f336ed5f4e50421ab03910202f2005180bc8465e4e8037df5433d8b,86985565695,False,0.0,549000000000000.0,1740000000000.0
0x513b8629fe877bb581bf244e326a047b249c4ff1,BTC,85360.0,0.00015,12.8,SELL,18-04-2025 00:10,92.597,Close Long,0.05694,0x326186dc9ef500c5b12d0421bc3be20202bf00616ee03113f29fb353549ca3b2,87215644427,True,0.002944,42700000000000.0,1740000000000.0
0x513b8629fe877bb581bf244e326a047b249c4ff1,BTC,85071.0,0.09705,8256.14,SELL,18-04-2025 00:38,35.13203,Close Long,6.89055,0x10f545957313354abf010421bc8b5002016c005a7cea2ccb4236326c40a98ed1,87219887601,True,1.898912,888000000000000.0,1740000000000.0
0x513b8629fe877bb581bf244e326a047b249c4ff1,SOL,134.41,60.74,8164.06,SELL,18-04-2025 15:39,5335.74,Close Long,143.13381,0x36983d10620f3792b8bf0421c6afba0201e5001286250fe371b0ae451f0dbd8f,87324084209,True,1.877734,1100000000000000.0,1740000000000.0
0x513b8629fe877bb581bf244e326a047b249c4ff1,SOL,137.4,14.09,1935.97,SELL,19-04-2025 08:00,-1031.93,Open Short,0.0,0x94aba6c33d15f48aabc60421d1964701f3007ff4406fb471f725f7c729a14509,87421395549,True,0.445272,888000000000000.0,1750000000000.0
0x513b8629fe877bb581bf244e326a047b249c4ff1,SOL,138.09,14.48,1999.54,BUY,19-04-2025 22:34,3865.17,Open Long,0.0,0xd4edbed2f0073c0a7d510421db393a014f0083c7d01ec892974bff13a82a0d5d,87503237307,True,0.459894,3840000000000.0,1750000000000.0
0x513b8629fe877bb581bf244e326a047b249c4ff1,BTC,85168.0,0.5863,49934.0,SELL,19-04-2025 23:29,21.34998,Close Long,137.42872,0x59bf534c40555c31d4e50421dbd7e101e0004f8b0efc501fc0590345cfb67a93,87509621296,True,11.484819,107000000000000.0,1750000000000.0
0x513b8629fe877bb581bf244e326a047b249c4ff1,BTC,87800.0,0.0002,17.56,SELL,21-04-2025 19:50,47.25688,Close Long,0.0838,0x7415e8092f47d793eb0f0421f9296902031b00b2da229bb225cc6f3be28f4f90,87788597919,False,0.0,115000000000000.0,1750000000000.0
0x513b8629fe877bb581bf244e326a047b249c4ff1,SOL,140.48,939.05,131917.74,SELL,22-04-2025 17:55,8335.91,Close Long,1582.580965,0x11142bd4c52f2f96a8ff0422080d5c02011c00502923146778d9deecac4c5077,87999512482,True,30.341081,1030000000000000.0,1750000000000.0
0x513b8629fe877bb581bf244e326a047b249c4ff1,BTC,91033.0,0.04879,4441.5,SELL,23-04-2025 01:12,11.37193,Close Long,1.595433,0xb42f70033bf4703003b004220d0c1e0201ef00913989b42d1df01a5978042e6b,88092168693,True,1.021545,21100000000000.0,1750000000000.0
0x513b8629fe877bb581bf244e326a047b249c4ff1,BTC,93263.0,0.00632,589.42,BUY,24-04-2025 01:11,9.95257,Open Long,0.0,0x859943722880c210701e04221d700c01b4006f995c6999fc7c25ebfd0c8175ac,88406741257,True,0.135567,19000000000000.0,1750000000000.0
0x513b8629fe877bb581bf244e326a047b249c4ff1,BTC,92956.0,0.00015,13.94,SELL,24-04-2025 23:02,65.45326,Close Long,0.00945,0x5edcb07c73b385bdae9204222c48760201b90050797e5570b797af975afea5e2,88643113971,True,0.003206,872000000000000.0,1750000000000.0
0x513b8629fe877bb581bf244e326a047b249c4ff1,BTC,93358.0,0.10711,9999.58,SELL,25-04-2025 01:49,-56.08641,Open Short,0.0,0x347b682220914bddcdd704222e33b901a50040114faaa2a1e86276429b2db5cd,88672755221,True,2.299902,946000000000000.0,1750000000000.0
0x513b8629fe877bb581bf244e326a047b249c4ff1,BTC,93240.0,0.21451,20000.91,SELL,25-04-2025 03:12,-74.11764,Open Short,0.0,0xf530cdec53d795c28c1704222f20ae02014400c2d63a8b8205c42407a957eabf,88682938342,True,4.600209,818000000000000.0,1750000000000.0
0x513b8629fe877bb581bf244e326a047b249c4ff1,BTC,94628.0,0.10567,9999.34,BUY,26-04-2025 05:11,31.69418,Open Long,0.0,0xf7ff25309355a297ff1804224099eb0201f700105e1fe96b2f282a718023328a,88964304053,True,2.299848,361000000000000.0,1750000000000.0
0x513b8629fe877bb581bf244e326a047b249c4ff1,BTC,94632.0,0.10567,9999.76,BUY,26-04-2025 05:11,38.99179,Open Long,0.0,0xf7ff25309355a297ff1804224099eb0201f700105e1fe96b2f282a718023328a,88964304053,True,2.299945,213000000000000.0,1750000000000.0
0x513b8629fe877bb581bf244e326a047b249c4ff1,BTC,94607.0,0.0061,577.1,BUY,26-04-2025 05:12,72.49674,Open Long,0.0,0x84a8a11c603e15c8320c0422409d5d01b700fb513b441f8a54c00721149d52c2,88964517201,True,0.132733,446000000000000.0,1750000000000.0
0x513b8629fe877bb581bf244e326a047b249c4ff1,SOL,151.4,193.44,29286.82,BUY,26-04-2025 05:34,1769.18,Open Long,0.0,0x27599dc13fb924f9a982042240dacb02027200eff56ddd808e6263393685a059,88967596408,True,6.735967,123000000000000.0,1750000000000.0
0x513b8629fe877bb581bf244e326a047b249c4ff1,SOL,146.55,383.95,56267.87,BUY,29-04-2025 00:31,16496.22,Open Long,0.0,0x7cb10f4968b369a044c804226e1e2d02013800504dfa7c285958aa015bf63451,89602377627,True,12.94161,18600000000000.0,1750000000000.0
0x513b8629fe877bb581bf244e326a047b249c4ff1,BTC,94521.0,0.15869,14999.54,BUY,29-04-2025 00:35,5.84724,Open Long,0.0,0x4adb3b7d683a90a921b104226e2bd002047400d176f44cf159179fd4e4203fed,89603791247,True,3.449893,935000000000000.0,1750000000000.0
0x513b8629fe877bb581bf244e326a047b249c4ff1,BTC,94810.0,0.0019,180.14,SELL,29-04-2025 01:10,44.58328,Close Long,0.51794,0xd958681bc7e9a33d8e0c04226e92140201d300b161609eab238274b7ecb92758,89609661670,False,0.0,802000000000000.0,1750000000000.0
0x513b8629fe877bb581bf244e326a047b249c4ff1,SOL,148.16,80.98,11998.0,SELL,01-05-2025 5:55,40418.1,Close Long,84.526924,0xeeb63a8706e6877761bb04229248a902011a00136ba57fb21a904d3823d97bc5,90100478094,True,2.759539,74100000000000.0,1750000000000.0
0x513b8629fe877bb581bf244e326a047b249c4ff1,SOL,148.87,3.36,500.2,SELL,01-05-2025 7:06,13480.58,Close Long,5.892768,0x08959a136137b7ff475e04229319560205ab00152287e4c39a1c09cdf65db549,90111441495,True,0.115046,167000000000000.0,1750000000000.0
0x083384f897ee0f19899168e3b1bec365f52a9012,ETH,3203.0,9.3664,30000.58,SELL,11-11-2024 8:40,-115.6826,Open Short,0.0,0x4a85ec601e4c0a3024dc041680a82b0201470058caa511938fad477b5a66f47a,45993118565,False,3.000057,816000000000000.0,1730000000000.0
0x083384f897ee0f19899168e3b1bec365f52a9012,ETH,3590.6,12.06,43302.64,BUY,28-11-2024 00:10,-571.2674,Close Short,-5070.8682,0x27bf469fcb4c481122870417db959e02010c002f50862c2c76707d5856f77062,50879745546,False,4.330263,702000000000000.0,1730000000000.0
0x083384f897ee0f19899168e3b1bec365f52a9012,ETH,3590.6,0.1502,539.31,BUY,28-11-2024 00:10,-354.5095,Close Short,-63.154594,0x717016553226e520214a0417db95f60177009a0120b8b1957497bbd8ec150918,50879745546,False,0.05393,560000000000000.0,1730000000000.0
0x083384f897ee0f19899168e3b1bec365f52a9012,SOL,271.5,1.57,426.25,BUY,19-01-2025 14:10,-2496.62,Close Short,-0.418091,0xdfb193f136f4b37ee8ab041bd40e0d0201f700e050b9e1ccf4c6627138e417b6,64274308649,False,0.042625,778000000000000.0,1740000000000.0
0x083384f897ee0f19899168e3b1bec365f52a9012,SOL,277.0,3.8,1052.6,SELL,19-01-2025 14:48,-4999.61,Open Short,0.0,0x1e5174504b3e10238dd3041bd49b680202e500e19ad542b7221487c9f5598035,64290912142,False,0.10526,537000000000000.0,1740000000000.0
0x083384f897ee0f19899168e3b1bec365f52a9012,ETH,3346.3,0.3,1003.89,SELL,19-01-2025 19:43,-10.8,Open Short,0.0,0xfd0042b17d2c8d88f411041bd8dc4a0202da0028ee1fd7b6f818a3d18cff35d7,64385173814,False,0.100389,538000000000000.0,1740000000000.0
0x083384f897ee0f19899168e3b1bec365f52a9012,ETH,2839.4,13.207,37499.96,SELL,03-02-2025 4:24,245.3567,Close Long,143.69216,0xe3771e7bec368e961960041d05d63c01fe007c990fa0c162371ef3214e9ff484,68695034610,True,11.249986,1110000000000000.0,1740000000000.0
0x083384f897ee0f19899168e3b1bec365f52a9012,ETH,2725.0,2.9,7902.5,SELL,03-02-2025 21:16,-226.3917,Open Short,0.0,0x8f04b17f93efd2362e06041d11070302033600b142c7c6552342392ba2e4e1af,69064451182,False,0.395125,884000000000000.0,1740000000000.0
0x083384f897ee0f19899168e3b1bec365f52a9012,ETH,2864.5,0.175,501.29,SELL,04-02-2025 3:48,-1200.6498,Open Short,0.0,0x71941ad057d0af44b1cd041d15705e0201b800e8be3a9c7f3ae28513349b2302,69196728265,False,0.025064,435000000000000.0,1740000000000.0
0x083384f897ee0f19899168e3b1bec365f52a9012,ETH,2678.9,0.259,693.84,BUY,09-02-2025 9:26,-1540.5131,Close Short,17.02148,0x93edb2d905e47f506c27041d6a14ae020462000ff69abcdb490fccba9cab1a62,70869857940,False,0.0,61400000000000.0,1740000000000.0
0x083384f897ee0f19899168e3b1bec365f52a9012,ETH,2667.2,2.9,7734.88,BUY,24-02-2025 18:31,-1438.5199,Close Short,97.788,0x201d3041a3b9a83311fb041e605aa60201fc005476c4101dcab5cab070cc1ff1,74455682329,True,2.707208,36100000000000.0,1740000000000.0
0x083384f897ee0f19899168e3b1bec365f52a9012,SOL,172.59,6.01,1037.27,BUY,03-03-2025 7:22,-6652.58,Close Short,213.374833,0x199d6424bed00443a9aa041ecc75f00201d4003a1c44fd59c3b9b26e5abede38,76502914865,False,0.051863,583000000000000.0,1740000000000.0
0x083384f897ee0f19899168e3b1bec365f52a9012,ETH,2365.6,0.424,1003.01,BUY,03-03-2025 12:25,-134.5493,Close Short,88.45912,0xb38dc155a82a78802807041ecff74001bb0034b82f30f25b0985e183b277fb05,76557824768,False,0.05015,897000000000000.0,1740000000000.0
0x083384f897ee0f19899168e3b1bec365f52a9012,ETH,2388.0,0.2931,699.92,SELL,03-03-2025 19:12,-75.1113,Open Short,0.0,0x494fca137354ce2014f8041ed4a79402051e006f2d013c9b5722bae3bdfddae3,76631390275,False,0.034996,725000000000000.0,1740000000000.0
0x083384f897ee0f19899168e3b1bec365f52a9012,ETH,2388.0,2.5795,6159.85,SELL,03-03-2025 19:12,-314.8384,Open Short,0.0,0xa6829c39e8de4670546b041ed4a79c02058d00e28e2cc75e474f5446dd3f65fe,76631390275,False,0.307992,29700000000000.0,1740000000000.0
0x430f09841d65beb3f27765503d0f850b8bce7713,ZRO,5.24,15.9,83.32,SELL,23-07-2024 03:10,74681.8,Close Long,29.887866,0x9e39a9196bbd869771c3040df07d750154004cab29048f12c1337a88c3d256b5,30774951211,False,0.008331,795000000000000.0,1720000000000.0
0x430f09841d65beb3f27765503d0f850b8bce7713,ZRO,5.24,23.4,122.62,SELL,23-07-2024 03:18,46563.3,Close Long,43.985916,0x9120f10acf474a24cb46040df09328012500daa026a3f09417178028e157fc64,30774951211,False,0.012261,1060000000000000.0,1720000000000.0
0x430f09841d65beb3f27765503d0f850b8bce7713,ZRO,5.24,741.7,3886.51,SELL,23-07-2024 03:18,46140.2,Close Long,1394.203158,0x2fb32293cd3887e846a1040df093560129007784d6c2b57ef4cadb490aea8560,30774951211,False,0.38865,998000000000000.0,1720000000000.0
0x430f09841d65beb3f27765503d0f850b8bce7713,BERA,6.9479,12.5,86.85,BUY,07-02-2025 2:23,50428.5,Open Long,0.0,0xd821ab6294b3a9ec08f2041d450de101ca007fc5fb7aa736e553242f33acb3d5,70261976002,False,0.008684,148000000000000.0,1740000000000.0
0x430f09841d65beb3f27765503d0f850b8bce7713,BERA,8.9429,91.0,813.8,SELL,21-02-2025 05:07,16428.3,Close Long,172.94368,0xd235388ddee68e14c521041e26d1f8017000ade43938d6dc635c96d3a9f90dac,73734709126,False,0.08138,633000000000000.0,1740000000000.0
0x430f09841d65beb3f27765503d0f850b8bce7713,LAYER,2.4584,6.0,14.75,SELL,26-04-2025 00:19,-93803.0,Open Short,0.0,0x4a6aaceadba7d5f1159704223d4fa80203f400502ce33e22bd9a64dbb26177d9,88924198848,False,0.001475,344000000000000.0,1750000000000.0
0x8381e6d82f1affd39a336e143e081ef7620a3b7f,@107,26.724,33.74,901.67,BUY,05-02-2025 19:09,83.71896702,Buy,0.0,0x1dd36a0dfe5edf428588041d2fddbf020132008a3655277c4362c7e3c99cdda9,69820628526,True,0.01012198,96400000000000.0,1740000000000.0
0x8381e6d82f1affd39a336e143e081ef7620a3b7f,SOL,198.81,1.88,373.76,SELL,09-02-2025 19:01,-221.86,Open Short,0.0,0x5bad40a470387f97a50b041d7070d8018f00ed6fe3321807388cbde3dec85a79,70953027936,True,0.112128,1080000000000000.0,1740000000000.0
0x8381e6d82f1affd39a336e143e081ef7620a3b7f,TAO,397.37,1.932,767.72,BUY,10-02-2025 19:49,1.962,Open Long,0.0,0xcf97eb985bf2f426fb35041d81487102014400b7c7a8229b472db7bd359b372b,71243727973,True,0.230315,15600000000000.0,1740000000000.0
0x8381e6d82f1affd39a336e143e081ef7620a3b7f,@107,24.658,125.27,3088.91,SELL,11-02-2025 16:57,2692.043812,Sell,1.136077,0x79952d405d8de006c9d2041d8f54b1014000b2dcc73cab95721b3ca9477724e5,71457823659,True,0.926672,231000000000000.0,1740000000000.0
0x8381e6d82f1affd39a336e143e081ef7620a3b7f,@107,25.214,7.61,191.88,BUY,17-02-2025 21:58,754.2656531,Buy,0.0,0x2e50d8ee5cd357b905a5041df10c7b020118003c27efe156702182fbb64887a4,72939504060,True,0.00228297,368000000000000.0,1740000000000.0
0x8381e6d82f1affd39a336e143e081ef7620a3b7f,@107,25.214,8.31,209.53,BUY,17-02-2025 21:58,809.8489732,Buy,0.0,0x2e50d8ee5cd357b905a5041df10c7b020118003c27efe156702182fbb64887a4,72939504060,True,0.00249298,1060000000000000.0,1740000000000.0
0x8381e6d82f1affd39a336e143e081ef7620a3b7f,@107,23.647,6.88,162.69,BUY,18-02-2025 21:32,3705.258914,Buy,0.0,0xdf083bb8da9a1e6f825c041e00ffde02054e00f927b8f7993aa50b1c6638ea38,73196123950,True,0.00206398,417000000000000.0,1740000000000.0
0x8381e6d82f1affd39a336e143e081ef7620a3b7f,@107,18.017,171.91,3097.3,BUY,28-04-2025 19:53,0.0090934,Buy,0.0,0x8bc72f1fe76aabae92cc04226aec4702011e002356a53f3d8c1862939035665b,89547094391,True,0.06016845,984000000000000.0,1750000000000.0
0x4f93fead39b70a1824f981a54d4e55b278e9f760,ETH,3638.2,2.7869,10139.3,BUY,01-04-2024 2:49,-4.9467,Close Short,0.473773,0x6c348c326faf2fee6320040847f67d017300aa065fc0604454402994694baa5b,16187579689,True,3.548754,499000000000000.0,1710000000000.0
0x4f93fead39b70a1824f981a54d4e55b278e9f760,ETH,3253.8,2.0135,6551.53,SELL,27-04-2024 23:24,40.4825,Close Long,206.242805,0x40bfd87238fda9b653ab0408a860f1012900396862b8d32915614abdf773edcc,20529270817,True,2.293034,1070000000000000.0,1710000000000.0
0x4f93fead39b70a1824f981a54d4e55b278e9f760,ETH,3014.5,7.4639,22499.93,SELL,09-05-2024 21:38,22.0841,Close Long,189.881616,0x3bd2f806d76b68ed991b0408d3e658011a00f31d27c82c92cbc451fd86f5a6c9,22026469099,True,7.874974,218000000000000.0,1720000000000.0
0x4f93fead39b70a1824f981a54d4e55b278e9f760,ETH,2974.6,7.5,22309.5,SELL,15-05-2024 22:22,-0.019,Open Short,0.0,0xe473f581758757226ee704091f3ab7017b0004e77c01a02146b7969f202f27c3,22656575448,True,7.808325,968000000000000.0,1720000000000.0
0x4f93fead39b70a1824f981a54d4e55b278e9f760,ETH,3664.1,6.1923,22689.21,BUY,07-06-2024 23:41,-6.1923,Close Short,282.802341,0x85a8613a424b4a39ceaf040aea5c0201e100934e1f55607d16d14036571a1a52,25278628631,True,7.941222,538000000000000.0,1720000000000.0
0x4f93fead39b70a1824f981a54d4e55b278e9f760,ETH,3540.5,5.3936,19096.04,SELL,15-06-2024 17:31,5.3936,Close Long,79.070176,0x8b7fcc1ee1ff91cea94a040b849c4f012800789933d1d09fb24a4730ce464123,26201077484,True,6.683614,520000000000000.0,1720000000000.0
0x4f93fead39b70a1824f981a54d4e55b278e9f760,ETH,3419.7,5.8495,20003.54,SELL,26-06-2024 01:36,37.8356,Close Long,261.70663,0x209e612348e5e1520011040c526c66014c006a5f90859887ba526423627b0cd1,27527526854,True,7.001237,447000000000000.0,1720000000000.0
0x4f93fead39b70a1824f981a54d4e55b278e9f760,ETH,3174.9,0.2205,700.07,BUY,25-07-2024 14:52,105.5079,Open Long,0.0,0x3f164e89c6425b4742d0040e153ed80181008da2eb4da6c85087c81db44acb1a,31103086416,True,0.245022,420000000000000.0,1720000000000.0
0x4f93fead39b70a1824f981a54d4e55b278e9f760,ETH,3150.4,9.5226,30000.0,BUY,25-07-2024 19:29,179.6318,Open Long,0.0,0xb5f3fc2019ee5f83fb21040e1815870201450056253d87056ff192e984141a2e,31127957516,True,10.499999,873000000000000.0,1720000000000.0
0x4f93fead39b70a1824f981a54d4e55b278e9f760,ETH,2678.7,2.8627,7668.31,SELL,11-08-2024 14:10,5.5768,Close Long,311.74803,0x6a9d074155fbb404467e040f1b2d8c011f00159ff2ce10506abe084e16040db7,33742083977,True,2.68391,992000000000000.0,1720000000000.0
0x4f93fead39b70a1824f981a54d4e55b278e9f760,ETH,2777.9,1.8098,5027.44,SELL,25-08-2024 02:38,-19.3591,Open Short,0.0,0xb6aca94b544582b4494f04102bc68901e700cf45ec9cf7c0b9ddbda33375a3bc,35386407060,True,1.759605,634000000000000.0,1720000000000.0
0x4f93fead39b70a1824f981a54d4e55b278e9f760,BTC,88759.0,0.05666,5029.08,SELL,13-11-2024 00:04,1.14741,Close Long,102.163646,0xf2d2762068195003c4d30416a2defe0201770077d4d379999706212e31b9a408,46587131838,True,1.760179,644000000000000.0,1730000000000.0
0x4f93fead39b70a1824f981a54d4e55b278e9f760,BTC,90523.0,0.09907,8968.11,BUY,17-11-2024 19:15,0.25437,Open Long,0.0,0xd803a4661104e1a6098c041707447e02010f00592defb8925a4c0cded0f420bb,48030704315,True,2.690434,557000000000000.0,1730000000000.0
0x4f93fead39b70a1824f981a54d4e55b278e9f760,BTC,89947.0,0.0782,7033.86,BUY,19-11-2024 00:52,0.58821,Open Long,0.0,0xc07562c5ac58f16a93b7041720f60002011d00c979fe320167cc0b516fe31e00,48343654952,True,2.110156,106000000000000.0,1730000000000.0
0x4f93fead39b70a1824f981a54d4e55b278e9f760,BTC,92486.0,0.17387,16080.54,SELL,19-11-2024 21:30,0.0,Open Short,0.0,0x224d75e353766edf5ac3041732b91801980097f161af697dc0b4fe37c68da9a3,48538854790,True,4.824162,1010000000000000.0,1730000000000.0
0x4f93fead39b70a1824f981a54d4e55b278e9f760,BTC,98226.0,0.20343,19982.12,SELL,25-11-2024 04:34,2.42947,Close Long,331.529871,0xf0c7cad6b292eec90e770417a1114f02014800ff4e6e303105892a56f18fa37b,49960764788,True,5.994634,418000000000000.0,1730000000000.0
0x4f93fead39b70a1824f981a54d4e55b278e9f760,BTC,101652.0,0.25783,26208.94,SELL,13-12-2024 23:12,-0.33352,Open Short,0.0,0xb4edef73f00c9f8c8c69041926003b02015800ebf63cd95c42dd82fd85144f8b,55248461395,True,7.86268,170000000000000.0,1730000000000.0
0x4f93fead39b70a1824f981a54d4e55b278e9f760,BTC,105801.0,0.00018,19.04,BUY,18-12-2024 04:44,0.3169,Open Long,0.0,0x51be7a6980709463dad104197d7c440202530000351eb640cfcd392d03905823,56119350987,True,0.005713,1070000000000000.0,1730000000000.0
0x4f93fead39b70a1824f981a54d4e55b278e9f760,BTC,104790.0,0.06512,6823.92,BUY,18-12-2024 16:35,1.07802,Open Long,0.0,0xdc7a440326dfdf0244df041987a62f01b600747dd712ba4e1d0a7d2b4634edb3,56241430691,True,2.047177,582000000000000.0,1730000000000.0
0x4f93fead39b70a1824f981a54d4e55b278e9f760,BTC,95413.0,0.011,1049.54,BUY,26-12-2024 16:08,0.2749,Open Long,0.0,0x86d05127ffaf9a28588c041a05b44f0102008fdc5486bec7b5e9acb58019d541,58747380585,True,0.314862,248000000000000.0,1740000000000.0
0x4f93fead39b70a1824f981a54d4e55b278e9f760,BTC,94018.0,0.09684,9104.7,SELL,30-12-2024 23:23,3.02314,Close Long,136.273248,0x30c275f296761b27944e041a448edb0201ff001ce336f219c6e891ecd13fe0da,59634206276,True,2.73141,136000000000000.0,1740000000000.0
0x4f93fead39b70a1824f981a54d4e55b278e9f760,BTC,99169.0,0.0806,7993.02,BUY,06-01-2025 14:49,0.527,Open Long,0.0,0x1016e95652adb4902ad4041ac970e8020184002818b9ba0cb8a960ab44b47c03,60944285986,True,2.797557,312000000000000.0,1740000000000.0
0x4f93fead39b70a1824f981a54d4e55b278e9f760,BTC,99736.0,0.10032,10005.52,BUY,07-01-2025 20:34,1.73442,Open Long,0.0,0x0ee017baa9e3395d25b6041ae333c902021e00c740ad2d2cf2caf9178581ace3,61176932025,True,3.50193,21400000000000.0,1740000000000.0
0x4f93fead39b70a1824f981a54d4e55b278e9f760,BTC,92139.0,0.16288,15007.6,SELL,14-01-2025 01:20,2.40978,Close Long,96.783296,0xe15866bbce667c19a029041b633dc1020237003a0dfa9be6bc5e4c623c56c719,62792738912,True,4.50228,884000000000000.0,1740000000000.0
0x4f93fead39b70a1824f981a54d4e55b278e9f760,BTC,99377.0,0.4475,44471.21,SELL,16-01-2025 22:46,1.04372,Close Long,170.72125,0xefa24533c792fb0f0f72041b9d694601d500883b02562d951f30e4bb1e47768c,63531154556,True,13.341362,214000000000000.0,1740000000000.0
0x4f93fead39b70a1824f981a54d4e55b278e9f760,BTC,106450.0,0.212,22567.4,BUY,20-01-2025 20:54,0.14039,Open Long,0.0,0x0537c1d029c1255d90b3041beecf5202020700c6dce8d70619cd47bbb849d1b1,64893550640,True,5.64185,910000000000000.0,1740000000000.0
0x4f93fead39b70a1824f981a54d4e55b278e9f760,BTC,105572.0,0.1,10557.2,BUY,20-01-2025 21:33,0.45409,Open Long,0.0,0x268f770ea56c572d1bc0041bef63b50201c400b95a1683337619c12dc575329a,64909843714,True,2.6393,3640000000000.0,1740000000000.0
0x4f93fead39b70a1824f981a54d4e55b278e9f760,BTC,103656.0,0.00048,49.75,SELL,23-01-2025 20:02,2.43508,Close Long,0.470496,0xb9da03f1c14d328fe647041c3ec3ef000030d686396a1a571be8ac7d2fa79352,65772023766,True,0.012438,1120000000000000.0,1740000000000.0
0x4f93fead39b70a1824f981a54d4e55b278e9f760,BTC,105199.0,0.02333,2454.29,BUY,25-01-2025 02:03,2.10918,Open Long,0.0,0x4935d45c3287e221caab041c60c14c02015f00420de3bed079f18588ee54dbb7,66314520674,True,0.613573,347000000000000.0,1740000000000.0
0x4f93fead39b70a1824f981a54d4e55b278e9f760,BTC,97480.0,0.00251,244.67,SELL,11-02-2025 2:21,1.19052,Close Long,0.913891,0x8547c1988000a46c1eb5041d85a22602019300db451ca3cef2864baca4506311,71320485150,True,0.073402,44600000000000.0,1740000000000.0
0x4f93fead39b70a1824f981a54d4e55b278e9f760,BTC,97680.0,0.61424,59998.96,SELL,14-02-2025 22:30,-0.20582,Open Short,0.0,0x6b6941ca57454c73176a041dc1716402043e00d3e3bfe8381297e7cc8ebf756b,72314665374,True,17.999688,431000000000000.0,1740000000000.0
0x4f93fead39b70a1824f981a54d4e55b278e9f760,BTC,96027.0,0.02988,2869.29,BUY,17-02-2025 17:27,0.0,Open Long,0.0,0x2618382b705f53523516041dedf80502023300d9a4424aa2686636cb07ea90be,72887427039,True,0.860786,389000000000000.0,1740000000000.0
0x4f93fead39b70a1824f981a54d4e55b278e9f760,BTC,93700.0,0.85383,80003.87,BUY,19-02-2025 00:59,1.27034,Open Long,0.0,0x9ad611c65220c97fa3e5041e03679901e8009e23c8ec19c5f213e7d6d87508cf,73248199148,True,24.001161,880000000000000.0,1740000000000.0
0x4f93fead39b70a1824f981a54d4e55b278e9f760,BTC,96099.0,0.03107,2985.8,BUY,20-02-2025 02:36,-0.15686,Close Short,8.17141,0xef3ad6f27e3b02e83332041e14e40801d000962d4c316eac6558bf6939256bde,73494948555,True,0.895738,832000000000000.0,1740000000000.0
0x4f93fead39b70a1824f981a54d4e55b278e9f760,BTC,93999.0,2.39364,224999.77,SELL,02-03-2025 23:11,7.39973,Close Long,2317.04352,0x710c83ef12095c91b498041ec6c52702015300bd5386a9bbf3874ac427d809fa,76373898638,True,67.499929,967000000000000.0,1740000000000.0
0x4f93fead39b70a1824f981a54d4e55b278e9f760,BTC,90227.0,0.07299,6585.67,SELL,06-03-2025 1:39,-0.14867,Open Short,0.0,0xf5757ddc843e7f530e28041ef98cdc01f200867d7ee5f7de218d77b8bf649301,77473017402,True,1.9757,945000000000000.0,1740000000000.0
0x4f93fead39b70a1824f981a54d4e55b278e9f760,BTC,88190.0,0.001,88.19,BUY,06-03-2025 23:23,0.57023,Open Long,0.0,0x8c7bbc36cf5161992787041f08791d02020100f3e7b89237232705f56ae47846,77719599370,True,0.026456,12400000000000.0,1740000000000.0
0x4f93fead39b70a1824f981a54d4e55b278e9f760,BTC,78533.0,0.02522,1980.6,BUY,10-03-2025 22:35,5.20285,Open Long,0.0,0xe0b2f8e848b198929fa3041f49e321020919004df8251ec83e9d2642ac5f82b0,78753623476,True,0.59418,88900000000000.0,1740000000000.0
0x4f93fead39b70a1824f981a54d4e55b278e9f760,BTC,84073.0,0.38697,32533.73,BUY,21-03-2025 04:38,1.81232,Open Long,0.0,0xd7ffe02307028f643333041ff34799013e00f36a9ccd10f41a8666c4aec669b3,81017137363,True,9.760118,878000000000000.0,1740000000000.0
0x4f93fead39b70a1824f981a54d4e55b278e9f760,BTC,86246.0,0.34115,29422.82,BUY,27-03-2025 18:57,1.37909,Open Long,0.0,0xf8b9577a2f93df2028ae04205fb5d60205990003b623e1427de3db0bd032c431,82112340848,True,10.297988,105000000000000.0,1740000000000.0
0x4f93fead39b70a1824f981a54d4e55b278e9f760,BTC,87371.0,0.0241,2105.64,SELL,27-03-2025 20:47,2.31091,Close Long,20.67057,0x926a0243bd71a69b8ee0042060ff5b0201420030a4dd3ea85991da248163c586,82135996723,True,0.736974,970000000000000.0,1740000000000.0
0x4f93fead39b70a1824f981a54d4e55b278e9f760,BTC,83674.0,0.43988,36806.52,BUY,28-03-2025 22:58,1.41303,Open Long,0.0,0xfa3b7003a7a278176ef10420730f05018a00d4c0f8f1d9673c3f684faae3c493,82361435683,True,12.882281,964000000000000.0,1740000000000.0
0x4f93fead39b70a1824f981a54d4e55b278e9f760,BTC,83514.0,0.0016,133.62,BUY,31-03-2025 21:58,0.00386,Open Long,0.0,0x5f35b352081c800219b50420a3ec5602034900eb8cc9bf3bc01e573dfeb4f5a0,82967865694,True,0.046767,436000000000000.0,1740000000000.0
0x4f93fead39b70a1824f981a54d4e55b278e9f760,BTC,83717.0,0.00866,724.99,BUY,13-04-2025 21:05,0.12529,Open Long,0.0,0xc4d5fd37a1b96dc865a7042178fa7a020136008f45bce851a88ffa17ea85d23e,86249267716,True,0.253746,397000000000000.0,1740000000000.0
0x4f93fead39b70a1824f981a54d4e55b278e9f760,BTC,83433.0,0.77912,65004.32,BUY,16-04-2025 23:30,0.95624,Open Long,0.0,0xa33989058c9d17d26b8a0421ab981501f8008c4081a100d902079ecb90524083,87001123091,True,22.751511,900000000000000.0,1740000000000.0
0x75f7eeb85dc639d5e99c78f95393aa9a5f1170d4,ONDO,0.28259,4423.0,1249.9,SELL,22-01-2024 07:32,34488.0,Close Long,56.176523,0xc907fc8ee49f8cce5cb50407430af4011a00393521ab14f40471b6ac5225c094,7701258291,True,0.299974,901000000000000.0,1710000000000.0
0x75f7eeb85dc639d5e99c78f95393aa9a5f1170d4,ONDO,0.29514,100.0,29.51,SELL,22-01-2024 22:33,-510.0,Open Short,0.0,0x7d6ce7cedc1c745649c6040745697a017d0028635293b40cda708f3c360b4b4f,7765223298,False,-0.00059,577000000000000.0,1710000000000.0
0x75f7eeb85dc639d5e99c78f95393aa9a5f1170d4,RUNE,5.516,544.0,3000.7,SELL,14-02-2024 15:31,2506.6,Close Long,84.2112,0xa2e16da7b56ffa0ca1e104079d308301d90060313838eea30423a07437e28e22,9625235760,False,-0.060014,220000000000000.0,1710000000000.0
0x75f7eeb85dc639d5e99c78f95393aa9a5f1170d4,RNDR,5.3689,684.1,3672.86,SELL,16-02-2024 04:29,-2565.9,Open Short,0.0,0x5b00e3e439e7bab151d40407a2f111013f0062c579290adfe03ee7fdc2832eef,9790728531,False,-0.073457,191000000000000.0,1710000000000.0
0x75f7eeb85dc639d5e99c78f95393aa9a5f1170d4,ONDO,0.23754,705.0,167.47,SELL,17-02-2024 20:04,705.0,Close Long,1.4805,0x461c643a0567b4f3e3650407a9269502035f0042c1ab8e870bb9f63cd5d548d9,9960711029,False,-0.003349,478000000000000.0,1710000000000.0
0x75f7eeb85dc639d5e99c78f95393aa9a5f1170d4,RNDR,8.109,3500.0,28381.5,SELL,26-02-2024 22:12,-7000.0,Open Short,0.0,0x9a20aa73b8c51fbce8e20407cb05bf01e900418a7a56b1c241582c3648f4de69,10987594540,False,-0.56763,402000000000000.0,1710000000000.0
0x75f7eeb85dc639d5e99c78f95393aa9a5f1170d4,ALT,0.55461,540.0,299.49,BUY,27-02-2024 10:14,-29652.0,Close Short,-19.2402,0x034338d11cb700d0eb6d0407ccda9e011400693f4b3b751eb56e3d0f5b692814,11054269592,False,-0.005989,195000000000000.0,1710000000000.0
0x75f7eeb85dc639d5e99c78f95393aa9a5f1170d4,ONDO,0.42243,5252.0,2218.6,SELL,29-02-2024 23:02,55735.0,Close Long,70.48184,0xeac9eea506aceb776d8c0407d60fb90202d700624d9fec969b34c2143161b224,11414057642,False,-0.044372,757000000000000.0,1710000000000.0
0x75f7eeb85dc639d5e99c78f95393aa9a5f1170d4,RNDR,7.8095,1.5,11.71,BUY,01-03-2024 10:26,-3613.7,Close Short,0.4611,0x0000000000000000000000000000000000000000000000000000000000000000,11478365493,False,-0.000234,486000000000000.0,1710000000000.0
0x75f7eeb85dc639d5e99c78f95393aa9a5f1170d4,kBONK,0.041891,11196.0,469.01,BUY,04-03-2024 21:52,-1027000.0,Close Short,17.544132,0x59d4ebc773632054cc4a0407e47d4902018000d70d927a257c4931d40a9c5f94,11985844300,False,-0.00938,437000000000000.0,1710000000000.0
0x75f7eeb85dc639d5e99c78f95393aa9a5f1170d4,DOGE,0.18012,2990.0,538.56,BUY,04-03-2024 22:46,-372000.0,Close Short,22.38314,0x24308d5b9d29cd8da7f10407e49ebe012400cfc7795cdaeb66183d71d4ebc889,11992886144,True,0.129253,979000000000000.0,1710000000000.0
0x75f7eeb85dc639d5e99c78f95393aa9a5f1170d4,kBONK,0.042834,6131.0,262.62,SELL,05-03-2024 0:31,759517.0,Close Long,13.144864,0xdbeed5dff7b4b8bf45cf0407e4deef01a400e086ab627733aec178580310dab4,12008769699,True,0.063026,389000000000000.0,1710000000000.0
0x75f7eeb85dc639d5e99c78f95393aa9a5f1170d4,kBONK,0.039808,1200000.0,47769.6,SELL,05-03-2024 14:38,0.0,Open Short,0.0,0x9553609b00b325a0243f0407e6fd0602018d00803a70960a24141e4e71b35245,12111837386,False,-0.955392,354000000000000.0,1710000000000.0
0x75f7eeb85dc639d5e99c78f95393aa9a5f1170d4,kPEPE,0.006201,577260.0,3579.59,SELL,05-03-2024 21:34,577260.0,Close Long,108.52488,0x094da1ccf26a30bfccd50407e8051d02040700add7f80cecbcb1e48b97eac94f,12166456516,False,-0.071591,779000000000000.0,1710000000000.0
0x75f7eeb85dc639d5e99c78f95393aa9a5f1170d4,NEAR,6.2924,91.1,573.24,BUY,09-03-2024 12:52,-6338.0,Close Short,20.43373,0xad3beb9124dff62f40ae0407f5509601910001c9554046417b818928b65e07a0,12780319056,True,0.137576,299000000000000.0,1710000000000.0
0x75f7eeb85dc639d5e99c78f95393aa9a5f1170d4,WLD,11.078,23.5,260.33,BUY,10-03-2024 0:25,-2710.2,Close Short,11.7735,0x3501ee352b50b6efed250407f717c001cf006e55a35045d7bad33fe1113befb8,12847442678,False,-0.005206,149000000000000.0,1710000000000.0
0x75f7eeb85dc639d5e99c78f95393aa9a5f1170d4,ONDO,0.51769,547.0,283.18,BUY,20-03-2024 00:38,-37286.0,Close Short,10.71026,0x6b124f44a0c3c602b09b04081b553301a30062d9f55fc9fceb276e29ed00a7b9,14544637037,True,0.095146,1040000000000000.0,1710000000000.0
0x75f7eeb85dc639d5e99c78f95393aa9a5f1170d4,ONDO,0.8748,45724.0,39999.36,BUY,15-04-2024 04:21,0.0,Open Long,0.0,0xb4e5177c448d00c0dce604087add0401ad00ac68807bd5a1fb1b0b04484c2249,18255439520,False,3.839937,493000000000000.0,1710000000000.0
0x75f7eeb85dc639d5e99c78f95393aa9a5f1170d4,PURR,0.2289,1804.0,412.94,SELL,10-12-2024 5:27,46633.0,Close Long,15.985244,0x91d6fceb74fd0565347f0418d8543a01ca0087e6fdf3b53a05b26f0641798442,54083020701,False,0.039641,895000000000000.0,1730000000000.0
0x75f7eeb85dc639d5e99c78f95393aa9a5f1170d4,PURR,0.2291,500.0,114.55,SELL,10-12-2024 5:30,17854.0,Close Long,4.5305,0xc61c4ecd7468638492cb0418d85d8d02013600645c6b77b9776f636a445a757a,54083748103,False,0.010996,856000000000000.0,1730000000000.0
0x75f7eeb85dc639d5e99c78f95393aa9a5f1170d4,BRETT,0.19046,3902.0,743.17,BUY,12-12-2024 14:36,-18519.0,Close Short,-21.035682,0x89c210f8a86e96c78f5c041909b5ab01de009ee1c60ed44935b543e742cc9cca,54868299684,False,0.071344,1080000000000000.0,1730000000000.0
0x75f7eeb85dc639d5e99c78f95393aa9a5f1170d4,USUAL,1.1745,50.0,58.73,BUY,18-12-2024 23:02,-22767.0,Close Short,1.995,0x2cbdfedaf4bdd18984e504198d28ef02022400d47fa7daa0c6ac0c7efc12bb5c,56319207974,False,0.005637,938000000000000.0,1730000000000.0
0x75f7eeb85dc639d5e99c78f95393aa9a5f1170d4,USUAL,1.1735,50.0,58.67,BUY,18-12-2024 23:05,-443.7,Close Short,1.955,0x797c0399d5a08e86b64a04198d318b01f100e60d48fc38d4ad44fe7f13baae85,56319604825,False,0.005632,1090000000000000.0,1730000000000.0
0x75f7eeb85dc639d5e99c78f95393aa9a5f1170d4,COMP,91.04,1.07,97.41,SELL,19-12-2024 01:39,114.75,Close Long,3.424,0xe035cc454e5abbb6af0404198f63230201c100e94fce83a2f50735f8181b2b62,56364991397,False,0.009351,122000000000000.0,1730000000000.0
0x75f7eeb85dc639d5e99c78f95393aa9a5f1170d4,kPEPE,0.016834,65000.0,1094.21,SELL,19-12-2024 23:54,1938694.0,Close Long,28.86,0x98c85afaddb297f604070419a26ae00202d2004449793f533ba47f3dadf366c2,56705460992,False,0.105044,732000000000000.0,1730000000000.0
0x75f7eeb85dc639d5e99c78f95393aa9a5f1170d4,FARTCOIN,1.118,180.0,201.24,BUY,20-12-2024 18:17,-21990.7,Close Short,1.494,0x498f5119d72f6be1fa7f0419b0b30402012900a9802f61540b5469535dc9d347,57050835802,False,0.019319,901000000000000.0,1730000000000.0
0x75f7eeb85dc639d5e99c78f95393aa9a5f1170d4,FARTCOIN,1.118,128.0,143.1,BUY,20-12-2024 18:17,-5819.9,Close Short,1.0624,0xd8a52bbd8b062b8596aa0419b0b35002015c008a52bc2f923040457fc5bfbee7,57050835802,False,0.013737,776000000000000.0,1730000000000.0
0x75f7eeb85dc639d5e99c78f95393aa9a5f1170d4,FARTCOIN,0.71366,1928.0,1375.94,BUY,23-12-2024 22:23,-41346.0,Close Short,23.02032,0xcf4f2b8ea2090d2ae9ba0419de4ee10201e101011b47fd980d10dc6fd85f04b7,58095836919,False,0.132089,450000000000000.0,1730000000000.0
0x75f7eeb85dc639d5e99c78f95393aa9a5f1170d4,FARTCOIN,0.77582,276.2,214.28,SELL,13-01-2025 08:19,2909.6,Close Long,5.449426,0xe66ebcebd519c3e5b517041b55225b01ed0078f00d01c62b3f3b3553aad3fb8a,62549406956,False,0.02057,141000000000000.0,1740000000000.0
0x75f7eeb85dc639d5e99c78f95393aa9a5f1170d4,ONDO,1.4016,249.0,349.0,SELL,20-01-2025 03:11,14595.0,Close Long,11.2299,0x9bc55a30f9db2c0150c5041bdf530f020136005072a3b8ae5cee8d05f9ab38d6,64507400787,False,0.033503,839000000000000.0,1740000000000.0
0x75f7eeb85dc639d5e99c78f95393aa9a5f1170d4,PURR,0.22221,400.0,88.88,BUY,20-01-2025 14:17,-11162.0,Close Short,4.272,0x239e5342aa9770b53c04041be8fb3002018f007530738a578c64864cc730edb5,64771659430,False,0.008532,964000000000000.0,1740000000000.0
0x75f7eeb85dc639d5e99c78f95393aa9a5f1170d4,GRIFFAIN,0.22413,175.0,39.22,SELL,31-01-2025 05:01,119393.0,Close Long,1.14275,0x1709f7a66d127116293c041cd5c59c017000efcdafe92db7c294fabcc14a3c80,67854991589,True,0.013177,832000000000000.0,1740000000000.0
0x75f7eeb85dc639d5e99c78f95393aa9a5f1170d4,USUAL,0.41118,1140.0,468.75,SELL,31-01-2025 07:05,-20387.3,Open Short,0.0,0x5018da1cbb7a7455cf13041cd72e1f01be00e94a99bc882e0e7b1a27e054ab17,67874139871,False,0.044999,541000000000000.0,1740000000000.0
0x75f7eeb85dc639d5e99c78f95393aa9a5f1170d4,JELLY,0.050451,20803.0,1049.53,BUY,01-02-2025 18:53,-586978.0,Close Short,27.647187,0x3332746948ad0575e20b041cef334701a200a893dbac1beac638c845927b8590,68225988518,False,0.100754,849000000000000.0,1740000000000.0
0x75f7eeb85dc639d5e99c78f95393aa9a5f1170d4,PURR,0.16991,1177.0,199.98,SELL,01-02-2025 21:22,88788.0,Close Long,4.3549,0x32b5a30c273141408b31041cf0dc230171001b4695e76a2e5cef0041958c185e,68250380813,True,0.067194,76300000000000.0,1740000000000.0
0x75f7eeb85dc639d5e99c78f95393aa9a5f1170d4,GRIFFAIN,0.21128,13201.0,2789.11,SELL,04-02-2025 1:19,44764.0,Close Long,81.18615,0xbf157c2d626fc149be5c041d13c1580203fb00fbe612b97361dc9c629867273c,69152910209,False,0.267753,1090000000000000.0,1740000000000.0
0x75f7eeb85dc639d5e99c78f95393aa9a5f1170d4,VVV,6.1833,61.29,378.97,SELL,06-02-2025 4:55,475.62,Close Long,-3.113532,0xd7800620f926844b049a041d36871301ca00c78131003fbb9f43290d2d12878e,69971041878,True,0.127335,230000000000000.0,1740000000000.0
0x75f7eeb85dc639d5e99c78f95393aa9a5f1170d4,VVV,6.1827,168.38,1041.04,SELL,06-02-2025 4:55,168.38,Close Long,-8.654732,0xd7800620f926844b049a041d36871301ca00c78131003fbb9f43290d2d12878e,69971041878,True,0.34979,596000000000000.0,1740000000000.0
0x75f7eeb85dc639d5e99c78f95393aa9a5f1170d4,BERA,13.589,74.9,1017.82,BUY,06-02-2025 19:36,-619.9,Close Short,-27.332508,0x80e42fcc8e27bfcf6713041d40715a02032f0027b05f75be5bc7d61b0a12f326,70141571336,True,0.341985,710000000000000.0,1740000000000.0
0x75f7eeb85dc639d5e99c78f95393aa9a5f1170d4,VVV,6.3884,20.0,127.77,SELL,12-02-2025 19:04,101.17,Close Long,1.63,0xa4b8f069f921ba97b8bd041d9fd0b302072c003cb91ab4c6601a0a51c8486006,71737244599,False,0.012264,880000000000000.0,1740000000000.0
0x75f7eeb85dc639d5e99c78f95393aa9a5f1170d4,JELLY,0.005638,24570.0,138.53,SELL,18-02-2025 00:25,844271.0,Close Long,-6.43734,0x00bf53c90172e7255313041df2bb0501d7003565436e1df12c1f2cfdd02b9077,72971503033,False,0.013297,288000000000000.0,1740000000000.0
0x75f7eeb85dc639d5e99c78f95393aa9a5f1170d4,JELLY,0.005471,67965.0,371.84,BUY,19-02-2025 17:33,-7149084.0,Close Short,7.680045,0x95e6750b5064c8bb3d82041e0ea8c202016f00ad622f3d50ba3e87417ead9ac0,73397155887,True,0.124936,644000000000000.0,1740000000000.0
0x75f7eeb85dc639d5e99c78f95393aa9a5f1170d4,ZEREBRO,0.030769,25626.0,788.49,SELL,21-02-2025 21:31,25626.0,Close Long,16.118754,0x02b334727797fa3e3b44041e31e7bf02022e0101738cad5382ebe5418b1b2413,73901736610,False,0.075694,708000000000000.0,1740000000000.0
0x75f7eeb85dc639d5e99c78f95393aa9a5f1170d4,ZEREBRO,0.036108,2000.0,72.22,SELL,23-02-2025 09:36,565198.0,Close Long,1.586,0xdd9a551d7771140cf1ce041e4a17a201f2003723292f4ce4465bdd4a16ef621d,74203874084,False,0.006932,584000000000000.0,1740000000000.0
0x75f7eeb85dc639d5e99c78f95393aa9a5f1170d4,JELLY,0.006474,123108.0,797.0,BUY,08-03-2025 0:23,-158393.0,Close Short,33.977808,0x1d6e72ad3601e1245705041f199f67020348002b1a828499fae150448cde4ab1,78026757171,True,0.267792,939000000000000.0,1740000000000.0
0x75f7eeb85dc639d5e99c78f95393aa9a5f1170d4,JELLY,0.033293,580.0,19.31,BUY,22-03-2025 14:45,-555220.0,Close Short,3.39706,0x0388d780972a819b173804200a900301b9009407114ed33c72ad7a327e95a42c,81235967046,True,0.006487,982000000000000.0,1740000000000.0
0x75f7eeb85dc639d5e99c78f95393aa9a5f1170d4,VINE,0.042182,2495.0,105.24,SELL,29-03-2025 07:09,466616.0,Close Long,3.67264,0xc55302d5e2716dbfecd1042078acf201d000688dafa845cb5b20281d529a0650,82414099236,True,0.035361,1000000000000000.0,1740000000000.0
0x75f7eeb85dc639d5e99c78f95393aa9a5f1170d4,OGN,0.058536,4582.0,268.21,BUY,22-04-2025 08:55,-264821.0,Close Short,16.811358,0x3508c46969f6ebaddc7e042201ffae020102007b4dacfd1e642b9d5c0b2b69fc,87927277596,True,0.090119,440000000000000.0,1750000000000.0
0x75f7eeb85dc639d5e99c78f95393aa9a5f1170d4,OGN,0.058632,367.0,21.52,BUY,22-04-2025 08:55,-207174.0,Close Short,1.311291,0xf15451dbd9be91e62e8404220201160201400080110536f7267687a196fbcbda,87927344417,True,0.007229,428000000000000.0,1750000000000.0
0x75f7eeb85dc639d5e99c78f95393aa9a5f1170d4,OGN,0.058717,204.0,11.98,BUY,22-04-2025 08:58,-204.0,Close Short,0.711348,0x02b722b1834b5a83c89b04220208bf0201420095dd11889272cb371c5c8a0969,87927669918,True,0.004024,986000000000000.0,1750000000000.0
0x75f7eeb85dc639d5e99c78f95393aa9a5f1170d4,TRUMP,13.021,150.3,1957.06,BUY,23-04-2025 21:51,-841.6,Close Short,89.4285,0x05f6e7c8cd1cf638aefe04221b283d0201a900bc16c3502bd5d7b5e00738ef57,88363739888,True,0.684969,177000000000000.0,1750000000000.0
0x75f7eeb85dc639d5e99c78f95393aa9a5f1170d4,MAVIA,0.31086,600.8,186.76,BUY,26-04-2025 15:34,-33719.7,Close Short,11.769672,0x2f0bf1c718283224c3cd042247a964020141008c6743955d77ee0125805a299b,89071577917,False,0.018676,198000000000000.0,1750000000000.0
0x75f7eeb85dc639d5e99c78f95393aa9a5f1170d4,BIO,0.073149,684.0,50.03,SELL,27-04-2025 07:04,406501.0,Close Long,0.881676,0x3404d3afd78280713e5404225202110146000614211427e0d6b78c4f108b308c,89206102163,True,0.017511,887000000000000.0,1750000000000.0
0x75f7eeb85dc639d5e99c78f95393aa9a5f1170d4,BIO,0.073098,158.0,11.55,SELL,27-04-2025 07:04,251915.0,Close Long,0.195604,0x4d4862c5d825fe13c7620422520231020191003841c69ce90c4f9ebc4039143f,89206102163,False,0.001154,177000000000000.0,1750000000000.0
0x420ab45e0bd8863569a5efbb9c05d91f40624641,SOL,133.44,11.64,1553.24,BUY,15-03-2025 01:33,-1000.0,Close Short,1152.93618,0x1e4b62987c744e18fef9041f8e85c201cd004004c698c0553190479789cba62f,79886200151,False,0.149111,279000000000000.0,1740000000000.0
0x420ab45e0bd8863569a5efbb9c05d91f40624641,BTC,84560.0,0.015,1268.4,SELL,19-03-2025 21:36,-3.00462,Open Short,0.0,0x342dfc2129654235deba041fdde65c02012a00682510b10e8e750cb3d687f5d3,80766894086,False,0.121766,649000000000000.0,1740000000000.0
0xb1231a4a2dd02f2276fa3c5e2a2f3436e6bfed23,ETH,2239.6,0.5566,1246.56,SELL,06-01-2024 2:14,21.6134,Close Long,2.176306,0x06a344756da781c3ce8f040700b452013c009501d612d7f2bfc9a4d834ad42fa,6287053530,True,0.31164,1080000000000000.0,1700000000000.0
0xb1231a4a2dd02f2276fa3c5e2a2f3436e6bfed23,BTC,44172.0,0.022,971.78,BUY,07-01-2024 6:29,0.0,Open Long,0.0,0x4089457a6fb729ba9b5c040706711a012100d312aae2b424a71b1c2f9b3f2666,6383332912,True,0.242946,1010000000000000.0,1700000000000.0
0xb1231a4a2dd02f2276fa3c5e2a2f3436e6bfed23,NTRN,1.4172,289.0,409.57,SELL,09-01-2024 2:02,7092.0,Close Long,4.882077,0x7664cdb6ebb0f6cea96404070f2dbf019c0078f4139d38c0809e5768e5a765dc,6549947041,True,0.102392,628000000000000.0,1700000000000.0
0xb1231a4a2dd02f2276fa3c5e2a2f3436e6bfed23,ETH,2322.5,0.0856,198.81,SELL,10-01-2024 4:48,-4.4427,Open Short,0.0,0x67cc4d6d5e77d26d19b6040713a4c1012600ca2080327815e8a4413df202deda,6651046239,False,-0.003976,600000000000000.0,1700000000000.0
0xb1231a4a2dd02f2276fa3c5e2a2f3436e6bfed23,BTC,43445.0,0.00026,11.3,BUY,31-01-2024 04:00,-2.27301,Close Short,0.00871,0x6ebdf9ca458fddd0e7a50407657dc102013800eb30c733858f40026e383feb27,8481867795,True,0.002823,53300000000000.0,1710000000000.0
0xb1231a4a2dd02f2276fa3c5e2a2f3436e6bfed23,BTC,43323.0,0.00026,11.26,BUY,31-01-2024 04:30,-1.15233,Close Short,0.00026,0xab19bc8f78fc6dcbc859040765933b020164006988d4e569771b2ba1fdf9fe04,8482961030,True,0.002815,296000000000000.0,1710000000000.0
0xb1231a4a2dd02f2276fa3c5e2a2f3436e6bfed23,BTC,42432.0,0.11955,5072.75,SELL,06-02-2024 2:08,0.14257,Close Long,-5.869905,0x9952a273fab8683be7ea04077c8dfe012200d237b0d1ab4610e042a4a26d9b40,8898899264,True,1.268186,833000000000000.0,1710000000000.0
0xb1231a4a2dd02f2276fa3c5e2a2f3436e6bfed23,ETH,2296.1,1.6281,3738.28,BUY,06-02-2024 2:24,-8.1486,Close Short,-5.323887,0xde768162a511a14af05204077c989301bf009cd3d1248da64d1203fb247ed70b,8899629051,False,-0.074765,815000000000000.0,1710000000000.0
0xb1231a4a2dd02f2276fa3c5e2a2f3436e6bfed23,ETH,2292.5,3.7153,8517.33,BUY,06-02-2024 2:46,11.7374,Open Long,0.0,0x7e2b8375feffe1754ff904077ca7c0016f00ed76b89cce72b67899c853d2be99,8900731363,True,2.129331,86000000000000.0,1710000000000.0
0xb1231a4a2dd02f2276fa3c5e2a2f3436e6bfed23,BTC,42454.0,0.01178,500.11,SELL,06-02-2024 2:50,-1.70016,Open Short,0.0,0xa7ae2db6f5c3cbd73b8804077caa5701320082f9f58d776e2c63cd0f4e60c5af,8900882080,True,0.125027,947000000000000.0,1710000000000.0
0xb1231a4a2dd02f2276fa3c5e2a2f3436e6bfed23,BTC,42899.0,0.05103,2189.14,BUY,06-02-2024 8:28,-0.87181,Close Short,0.163296,0x30917b04e075b6d12bbe04077d910b01fa00868458e05adb18188b0152845bf9,8915234960,False,-0.043782,616000000000000.0,1710000000000.0
0xb1231a4a2dd02f2276fa3c5e2a2f3436e6bfed23,DYM,6.5,384.6,2499.9,SELL,08-02-2024 12:51,0.0,Open Short,0.0,0x3c68dbd90b3aa8d7d8b2040785f83a01ae0037cc8838d8675d9e1950ca31a189,9075043541,False,-0.049998,151000000000000.0,1710000000000.0
0xb1231a4a2dd02f2276fa3c5e2a2f3436e6bfed23,BTC,49667.0,0.00052,25.83,SELL,14-02-2024 02:46,-0.56525,Open Short,0.0,0x3c20458efb9f2955bd3604079b2c8b013a00a2f53fc60ec5f5362b3d3a4fed8a,9588439014,True,0.006456,1120000000000000.0,1710000000000.0
0xb1231a4a2dd02f2276fa3c5e2a2f3436e6bfed23,INJ,32.69,9.2,300.75,BUY,02-04-2024 8:07,0.0,Open Long,0.0,0x4665f955da420ea8da0e04084c7fab0203c200c67dae56ae29ff24cc860e66f7,13991613030,False,0.030074,468000000000000.0,1710000000000.0
0xb1231a4a2dd02f2276fa3c5e2a2f3436e6bfed23,PURR/USDC,0.15883,2428.0,385.64,SELL,13-05-2024 23:02,57519.0,Sell,0.0,0x6aa8ff64031135aa7c350408f8602401fa0011c7192c7044953ffff97ac25386,22406079699,True,0.134973,109000000000000.0,1720000000000.0
0xb1231a4a2dd02f2276fa3c5e2a2f3436e6bfed23,ETHFI,4.1165,1005.0,4137.08,SELL,16-06-2024 22:53,-20885.3,Open Short,0.0,0xef3066d194c45467e5ec040b9cfd52015100acce7d4b7dac1664b2deb5cb4ef3,26302245504,True,1.447978,231000000000000.0,1720000000000.0
0xb1231a4a2dd02f2276fa3c5e2a2f3436e6bfed23,LINK,13.428,186.1,2498.95,BUY,18-06-2024 07:38,1637.7,Open Long,0.0,0xa5ef785941034b750858040bb8397902022b007933259ae4a59ab019225a414c,26500465764,True,0.874632,223000000000000.0,1720000000000.0
0xb1231a4a2dd02f2276fa3c5e2a2f3436e6bfed23,@4,2.8805,8.0,23.04,SELL,20-06-2024 00:04,3667.0,Sell,0.0,0x008be83e2b3335f1c37c040bd9cbea012800604d8302c7f51187db043a988dd7,26780558028,True,0.008065,989000000000000.0,1720000000000.0
0xb1231a4a2dd02f2276fa3c5e2a2f3436e6bfed23,ETHFI,3.2826,1456.1,4779.79,SELL,25-06-2024 03:00,-6401.9,Open Short,0.0,0x0515f1a09606319e2bac040c3f9d690181009bb5ffe5c5211cbccb9227db6524,27414158193,True,1.672927,43600000000000.0,1720000000000.0
0xb1231a4a2dd02f2276fa3c5e2a2f3436e6bfed23,@4,2.82,106.0,298.92,BUY,05-07-2024 9:54,2456.02737,Buy,0.0,0x752157cfd7e86c289bd7040cd6e2ef02026300fc761ecfba9df590ef5cf3684e,27886229290,False,0.0106,882000000000000.0,1720000000000.0
0xb1231a4a2dd02f2276fa3c5e2a2f3436e6bfed23,ETHFI,2.3493,84.7,198.99,SELL,10-07-2024 21:56,0.0,Open Short,0.0,0xb63c794c0d694ec70331040d3cec5b01530011bd4206c6b33154b1d8a516ddba,29363387829,True,0.069644,1050000000000000.0,1720000000000.0
0xb1231a4a2dd02f2276fa3c5e2a2f3436e6bfed23,@8,0.04614,525.0,24.22,BUY,24-07-2024 05:56,27953.21308,Buy,0.0,0x92f4897c8fe14272ff2b040e00e82501a5001d1cbb81923564d7c3ae69691c7c,30934355063,True,0.18374,119000000000000.0,1720000000000.0
0xb1231a4a2dd02f2276fa3c5e2a2f3436e6bfed23,@20,0.00024,208333.0,50.0,BUY,26-07-2024 18:11,1590753.811,Buy,0.0,0x4ac7b52b2e2f7a77ebad040e2613ef016100b65736dc5e57e8247b01569dec80,27973227285,False,20.82916,701000000000000.0,1720000000000.0
0xb1231a4a2dd02f2276fa3c5e2a2f3436e6bfed23,@4,3.891,32.0,124.51,BUY,06-08-2024 3:09,793.68762,Buy,0.0,0x579d60e645c8df6fdf69040ebf9c95015a00fd22d316906eb23b1d6cf159df98,32835457202,True,0.01119,121000000000000.0,1720000000000.0
0xb1231a4a2dd02f2276fa3c5e2a2f3436e6bfed23,@4,3.9557,32.0,126.58,BUY,06-08-2024 3:09,1176.55369,Buy,0.0,0x579d60e645c8df6fdf69040ebf9c95015a00fd22d316906eb23b1d6cf159df98,32835457202,True,0.01119,307000000000000.0,1720000000000.0
0xb1231a4a2dd02f2276fa3c5e2a2f3436e6bfed23,@4,3.8445,63.0,242.2,BUY,09-08-2024 21:07,1815.3464,Buy,0.0,0x47f27eafd63a58920b96040ef7829a017e0038f2f1cc023d1b7d173c836d09cd,33566166424,True,0.02204,421000000000000.0,1720000000000.0
0xb1231a4a2dd02f2276fa3c5e2a2f3436e6bfed23,@8,0.03609,5334.0,192.5,BUY,10-08-2024 22:14,295561.6972,Buy,0.0,0x0fabbc89ecb5e96a7229040f0d536f014a003f4f57492747f1b9a5a1a708a002,33685882397,True,1.86688,1080000000000000.0,1720000000000.0
0xb1231a4a2dd02f2276fa3c5e2a2f3436e6bfed23,@4,3.4067,32.0,109.01,SELL,18-09-2024 04:18,2309.21926,Sell,-6.160981,0x0938f7a9a32869c66a8d04121836ed02013300b1837c8804d49b1178e483f95c,38203274039,True,0.038155,994000000000000.0,1730000000000.0
0xb1231a4a2dd02f2276fa3c5e2a2f3436e6bfed23,SOL,242.0,3.0,726.0,SELL,08-12-2024 3:30,-64.82,Open Short,0.0,0x8175a893fbe5230447160418ad09bb01a900ecfc98ad8fef164a80ee722e9aed,53531828654,False,0.0726,237000000000000.0,1730000000000.0
0xb1231a4a2dd02f2276fa3c5e2a2f3436e6bfed23,@107,14.83,6.68,99.06,SELL,11-12-2024 19:56,97094.76,Sell,99.064334,0x6094d0aa021ac1f186f50418f9985d02023b000686430f1ec72f9ecee5502a23,54674817333,False,0.009906,187000000000000.0,1730000000000.0
0xb1231a4a2dd02f2276fa3c5e2a2f3436e6bfed23,@107,18.25,4.55,83.04,SELL,12-12-2024 18:55,57705.36,Sell,83.037455,0x0000000000000000000000000000000000000000000000000000000000000000,54883903193,False,0.008303,984000000000000.0,1730000000000.0
0xb1231a4a2dd02f2276fa3c5e2a2f3436e6bfed23,HYPE,26.4,213.82,5644.85,BUY,26-12-2024 06:33,-754.72,Close Short,504.72211,0xdefb99cf149f508ceed20419fff6f702011d0062bb52bb2c787ecd72536b6dd3,58654149131,True,1.975696,19700000000000.0,1740000000000.0
0xb1231a4a2dd02f2276fa3c5e2a2f3436e6bfed23,PURR/USDC,0.28637,347.0,99.37,SELL,06-01-2025 7:00,6454.87303,Sell,2.699865,0xf96928c58680bf86097f041ac2a33f01ad00713ee98d075fc9183b8a6b73f5f1,60879837241,True,0.034779,830000000000000.0,1740000000000.0
0xb1231a4a2dd02f2276fa3c5e2a2f3436e6bfed23,HYPE,23.065,21.68,500.05,SELL,18-01-2025 07:37,-3506.27,Open Short,0.0,0x0dc0dee689c2ad254a17041bb9e18f02018c00158eeb9e70ec3a2a432eabb01e,63858516042,True,0.175017,156000000000000.0,1740000000000.0
0xb1231a4a2dd02f2276fa3c5e2a2f3436e6bfed23,HYPE,25.766,0.79,20.36,SELL,22-01-2025 09:43,-6214.59,Open Short,0.0,0x37ee147b24f2973b424e041c17f09101780058cfe2e87fa569773e2be3325e44,65509854381,True,0.007124,274000000000000.0,1740000000000.0
0xb1231a4a2dd02f2276fa3c5e2a2f3436e6bfed23,HYPE,27.613,72.96,2014.64,SELL,30-01-2025 20:32,-18877.72,Open Short,0.0,0xd3c6dbfc918a01afae26041cd0126501bd004401a8b432f9722e62eb8b331b6d,67770373821,True,0.705125,190000000000000.0,1740000000000.0
0xb1231a4a2dd02f2276fa3c5e2a2f3436e6bfed23,@85,8.8409,46.06,407.21,BUY,03-02-2025 5:03,461.7883184,Buy,0.0,0x0f6844061566a0af27ae041d06421b0202ff00cc4e8e5c10ce2cbc4bd77e44c1,68713300424,True,0.01612098,737000000000000.0,1740000000000.0
0xb1231a4a2dd02f2276fa3c5e2a2f3436e6bfed23,HYPE,24.589,32.53,799.88,BUY,03-02-2025 23:07,-953.19,Close Short,31.733015,0x9e58639c380d1fe779d0041d12423c020251006510040e38ac99950ea573f0f7,69111078772,True,0.279958,749000000000000.0,1740000000000.0
0xb1231a4a2dd02f2276fa3c5e2a2f3436e6bfed23,HYPE,25.933,110.09,2854.96,SELL,04-02-2025 3:46,-7658.91,Open Short,0.0,0xfa84f59bc7e2faf6e72c041d156ad20202d3007646a9ab7ff53ae77392fb2d29,69198545023,True,0.999237,1020000000000000.0,1740000000000.0
0xb1231a4a2dd02f2276fa3c5e2a2f3436e6bfed23,HYPE,25.521,78.43,2001.61,SELL,04-02-2025 8:01,-3140.38,Open Short,0.0,0x18811f8a96e5ce5d0b98041d1850be02020400a1f6423da220ab2a8a373aa979,69256523696,True,0.700564,475000000000000.0,1740000000000.0
0xb1231a4a2dd02f2276fa3c5e2a2f3436e6bfed23,HYPE,24.665,60.0,1479.9,BUY,04-02-2025 10:17,-9356.19,Close Short,59.238,0xf5e08314b59349b5af63041d19d9e401af00625366b527bf7f37a013cb453568,69287785320,True,0.517965,384000000000000.0,1740000000000.0
0xb1231a4a2dd02f2276fa3c5e2a2f3436e6bfed23,HYPE,26.2,4.32,113.18,SELL,04-02-2025 18:26,-628.66,Open Short,0.0,0x58472fb6f8c1b4ece291041d1f5c1502020c00c42c5b9a29476533ca299a1ef9,69198769645,False,0.011318,888000000000000.0,1740000000000.0
0xb1231a4a2dd02f2276fa3c5e2a2f3436e6bfed23,HYPE,25.951,78.94,2048.57,SELL,06-02-2025 11:22,-9648.93,Open Short,0.0,0xa585459d23ca0babfe91041d3adf5b01dc00ed18a790ccdcd9517343dc0fea4c,70045797684,True,0.717,1090000000000000.0,1740000000000.0
0xb1231a4a2dd02f2276fa3c5e2a2f3436e6bfed23,HYPE,23.802,105.03,2499.92,BUY,06-02-2025 21:19,-5604.42,Close Short,265.673385,0x277ebc75f3588e5c775f041d419ac9020202006c524bdfa6cfc1f04ee484543f,70177940119,True,0.874973,591000000000000.0,1740000000000.0
0xb1231a4a2dd02f2276fa3c5e2a2f3436e6bfed23,PURR/USDC,0.12246,1000.0,122.46,BUY,07-02-2025 8:51,589193.7945,Buy,0.0,0xa7c3091099c2ae2a3806041d496c3302028800ca8de8fe0acdedb3339a57304f,70342598469,True,0.35,135000000000000.0,1740000000000.0
0xb1231a4a2dd02f2276fa3c5e2a2f3436e6bfed23,HYPE,24.128,8.28,199.78,BUY,07-02-2025 20:47,-1395.36,Close Short,5.656068,0x307fdcda36bf89e96b00041d517c15020157006f96bf6ed2f0468811e53f36fa,70487275004,True,0.069922,77200000000000.0,1740000000000.0
0xb1231a4a2dd02f2276fa3c5e2a2f3436e6bfed23,HYPE,24.129,20.73,500.19,BUY,07-02-2025 20:47,-1362.58,Close Short,14.139933,0x307fdcda36bf89e96b00041d517c15020157006f96bf6ed2f0468811e53f36fa,70487275004,True,0.175067,200000000000000.0,1740000000000.0
0xb1231a4a2dd02f2276fa3c5e2a2f3436e6bfed23,HYPE,24.134,20.72,500.06,BUY,07-02-2025 20:47,-900.42,Close Short,14.029512,0x307fdcda36bf89e96b00041d517c15020157006f96bf6ed2f0468811e53f36fa,70487275004,True,0.175019,895000000000000.0,1740000000000.0
0xb1231a4a2dd02f2276fa3c5e2a2f3436e6bfed23,HYPE,23.207,1397.04,32421.11,BUY,12-02-2025 0:20,-1397.04,Close Short,1451.943672,0x7832ed4132a8d453e16a041d94433f01aa00cceb426e3785fd91a91f8173e09e,71548442999,True,11.347387,66700000000000.0,1740000000000.0
0xb1231a4a2dd02f2276fa3c5e2a2f3436e6bfed23,HYPE,24.797,398.05,9870.45,SELL,12-02-2025 23:19,-4948.12,Open Short,0.0,0x56a72d268c4d7464b652041da25dc102021f0006530c2ce38eea7d4047b9574f,71812928404,True,2.961133,581000000000000.0,1740000000000.0
0xb1231a4a2dd02f2276fa3c5e2a2f3436e6bfed23,HYPE,25.659,7.79,199.88,SELL,14-02-2025 02:19,-21441.76,Open Short,0.0,0xd5efafc63a0864c23dba041db3e84c015300687a6b9d78abf5472e9dc7b2e42a,72106248615,True,0.059965,1100000000000000.0,1740000000000.0
0xb1231a4a2dd02f2276fa3c5e2a2f3436e6bfed23,HYPE,26.75,191.59,5125.03,SELL,14-02-2025 12:22,-25418.85,Open Short,0.0,0xdc3a17bcfeeb5046827d041dba9b13019a00a179ce782d0f83d3a8cef6740b72,70034268569,False,0.256251,31400000000000.0,1740000000000.0
0xb1231a4a2dd02f2276fa3c5e2a2f3436e6bfed23,HYPE,23.53,5.0,117.65,BUY,18-02-2025 21:24,-18233.69,Close Short,9.608,0xb70ade02afc986c4ba5a041e00e9c002036000fb4a8e5622ff2428c8e0db322f,73190541213,False,0.011765,556000000000000.0,1740000000000.0
0xb1231a4a2dd02f2276fa3c5e2a2f3436e6bfed23,HYPE,23.895,84.39,2016.5,SELL,19-02-2025 04:06,-3975.51,Open Short,0.0,0x93d2cceefeb9b4f0a6d8041e058f1202014100a7fd5424fe3484c6ec21e84048,73281517340,True,0.705774,759000000000000.0,1740000000000.0
0xb1231a4a2dd02f2276fa3c5e2a2f3436e6bfed23,HYPE,23.124,8.64,199.79,BUY,19-02-2025 19:42,-3852.81,Close Short,6.99408,0xc479a12063a0ca448e10041e1020c80203820022f895bcb32c6aaa5a73800f5e,73416111226,True,0.069926,34400000000000.0,1740000000000.0
0xb1231a4a2dd02f2276fa3c5e2a2f3436e6bfed23,HYPE,24.93,88.52,2206.8,SELL,20-02-2025 09:52,-14271.04,Open Short,0.0,0xef5dc12af560f872b3a4041e19ced902014200fbb0ac92eced4fbdb6ce0e8ece,73511011701,False,0.22068,454000000000000.0,1740000000000.0
0xb1231a4a2dd02f2276fa3c5e2a2f3436e6bfed23,HYPE,23.823,0.8,19.06,BUY,22-02-2025 01:12,-19724.08,Close Short,0.70752,0x842bc5774f22a7ec33b7041e3476b801910055f9d11aa6a35a657bca1b9a6108,73956873255,True,0.00667,506000000000000.0,1740000000000.0
0xb1231a4a2dd02f2276fa3c5e2a2f3436e6bfed23,@85,5.941,46.06,273.64,BUY,24-02-2025 23:45,1120.137817,Buy,0.0,0x802ea6aec213f153734b041e63f0b70203b5006f334ca9af6538c847dad872e0,74523857297,True,0.01612085,802000000000000.0,1740000000000.0
0xb1231a4a2dd02f2276fa3c5e2a2f3436e6bfed23,HYPE,16.411,48.41,794.46,BUY,04-03-2025 7:29,3876.66,Open Long,0.0,0x2309108349c5ac057753041edd22e50201d0005e33e2eb4d1794d2768987bae7,76869425217,True,0.278059,997000000000000.0,1740000000000.0
0xb1231a4a2dd02f2276fa3c5e2a2f3436e6bfed23,HYPE,16.943,116.62,1975.89,SELL,06-03-2025 0:16,891.37,Close Long,26.332796,0xebdb06ddefd47ab3a4bf041ef898060201ea00fb03a4c06acaaebdecd3d77767,77457978438,True,0.691562,5200000000000.0,1740000000000.0
0xb1231a4a2dd02f2276fa3c5e2a2f3436e6bfed23,HYPE,15.911,12.56,199.84,SELL,08-03-2025 20:16,6194.25,Close Long,2.594896,0x772e3ac8986c1cb05711041f273e700201e5002ed0a8f2f3f033166f79d7aa4b,78216321870,True,0.069944,195000000000000.0,1740000000000.0
0xb1231a4a2dd02f2276fa3c5e2a2f3436e6bfed23,HYPE,15.253,32.78,499.99,BUY,09-03-2025 3:51,3955.37,Open Long,0.0,0x19df35445f72338bba9e041f2c6baa013100dc94a94e0def473282985ed8a0e9,78273672349,True,0.174997,713000000000000.0,1740000000000.0
0xb1231a4a2dd02f2276fa3c5e2a2f3436e6bfed23,HYPE,14.265,35.05,499.99,SELL,11-03-2025 21:40,14216.17,Close Long,-1.005935,0x9dacb9245a84879353da041f59c8f10201890013edff89c3dfe13113194732be,79098831385,True,0.174995,19300000000000.0,1740000000000.0
0xb1231a4a2dd02f2276fa3c5e2a2f3436e6bfed23,HYPE,13.15,40.01,526.13,BUY,12-03-2025 14:49,5429.16,Open Long,0.0,0xe42ceaf80defd29bf248041f65be940201af0019b3dbc35906ab00429e3838f7,79181045026,False,0.052613,1110000000000000.0,1740000000000.0
0xb1231a4a2dd02f2276fa3c5e2a2f3436e6bfed23,HYPE,12.99,75.78,984.38,BUY,12-03-2025 14:52,23432.52,Open Long,0.0,0x6c328b17183ce7dbce8c041f65c7490202ac00d6c36c94e03e337ae05219329b,76869603921,False,0.098438,120000000000000.0,1740000000000.0
0xb1231a4a2dd02f2276fa3c5e2a2f3436e6bfed23,HYPE,12.293,81.34,999.91,BUY,13-03-2025 18:23,26912.98,Open Long,0.0,0x586b1acc06214fea110b041f78f2fc0206cc00f0add7104129126fc1e6964f85,79597836161,True,0.349969,43000000000000.0,1740000000000.0
0xb1231a4a2dd02f2276fa3c5e2a2f3436e6bfed23,@51,0.65309,80.0,52.25,BUY,17-03-2025 01:03,16036.71529,Buy,0.0,0x662a8826e1797d127436041faee8820201240007acb92f62119cb828cde29925,80216638210,True,0.0279992,581000000000000.0,1740000000000.0
0xb1231a4a2dd02f2276fa3c5e2a2f3436e6bfed23,HYPE,16.629,47.72,793.54,SELL,24-03-2025 12:58,-2309.98,Open Short,0.0,0x0e5292dfab3373cf526f042029ef7801ed00092c6f07e9912a209c9a6be0e1ed,81497458206,True,0.277737,1040000000000000.0,1740000000000.0
0xb1231a4a2dd02f2276fa3c5e2a2f3436e6bfed23,HYPE,17.16,302.02,5182.66,SELL,24-03-2025 19:26,-4156.23,Open Short,0.0,0x69be755ae3a9ac12a52e04202e59aa0201f700540abd2820b717b14f5a9155cb,81544357216,True,1.813932,608000000000000.0,1740000000000.0
0xb1231a4a2dd02f2276fa3c5e2a2f3436e6bfed23,HYPE,10.173,288.98,2939.79,BUY,07-04-2025 5:05,1522.98,Open Long,0.0,0x96e7d57d542d84c1b02404210ba98c02014e00a1d6adb2aae7a46aa397081afe,84391174871,True,1.028927,677000000000000.0,1740000000000.0
0xb1231a4a2dd02f2276fa3c5e2a2f3436e6bfed23,HYPE,16.75,5.35,89.61,SELL,13-04-2025 03:20,-7890.89,Open Short,0.0,0xd6894f250c6b0045290004216d042101ba00b48abea86bc945c4f2bfeb804457,85907920517,False,0.008961,139000000000000.0,1740000000000.0
0xb1231a4a2dd02f2276fa3c5e2a2f3436e6bfed23,HYPE,16.626,298.68,4965.85,SELL,17-04-2025 22:56,-19604.89,Open Short,0.0,0xb4adc27029954ac7fabe0421bb65e302026400f56e6915736bf7ec7ad8205894,87204613257,True,1.738048,443000000000000.0,1740000000000.0
0xb1231a4a2dd02f2276fa3c5e2a2f3436e6bfed23,HYPE,18.394,122.41,2251.61,SELL,20-04-2025 08:03,-35223.82,Open Short,0.0,0x2d8e1bf5f49f60ecf0200421e176d5020132000605c7d537b2fec5ce2f653b26,87555398843,True,0.788063,1040000000000000.0,1750000000000.0
0xb1231a4a2dd02f2276fa3c5e2a2f3436e6bfed23,SOL,147.36,0.9,132.62,BUY,01-05-2025 4:30,-891.09,Close Short,84.30633,0x2894fd68bd5d36922a7f042291502b017300331558120f033fe5f58102514cc2,90088285834,True,0.046418,850000000000000.0,1750000000000.0
0xb1231a4a2dd02f2276fa3c5e2a2f3436e6bfed23,SOL,147.36,5.0,736.8,BUY,01-05-2025 4:30,-890.19,Close Short,468.3685,0x2894fd68bd5d36922a7f042291502b017300331558120f033fe5f58102514cc2,90088285834,True,0.25788,593000000000000.0,1750000000000.0
0x23e7a7f8d14b550961925fbfdaa92f5d195ba5bd,PURR/USDC,0.2088,150.0,31.32,SELL,19-01-2025 01:04,213890.8547,Sell,1.20667,0x7cf37e87d18937645a4b041bc8f51e02013600b5008040d9d38ebc8995e00f3c,64111761446,True,0.010962,1020000000000000.0,1740000000000.0
0x23e7a7f8d14b550961925fbfdaa92f5d195ba5bd,PURR/USDC,0.20591,347.0,71.45,SELL,19-01-2025 01:05,99976.8547,Sell,1.788599,0x623c95d7883ec64b9701041bc8f81001a4003e05960d4fa879a34a349c877752,64111921772,True,0.025007,172000000000000.0,1740000000000.0
0x23e7a7f8d14b550961925fbfdaa92f5d195ba5bd,@107,20.645,5.0,103.22,SELL,19-01-2025 15:37,430.0394058,Sell,6.317022,0x0858bcd1d2e6f75d2324041bd5507d02017c007a9527d95ddd268dd321c286c0,64311066733,True,0.036128,798000000000000.0,1740000000000.0
0x23e7a7f8d14b550961925fbfdaa92f5d195ba5bd,@107,22.48,87.37,1964.08,SELL,24-01-2025 02:57,2767.848576,Sell,21.600328,0xa69e2caf26e5f5792111041c46973f0203e700a81449d01416f0c76662147c98,66036251743,True,0.687427,456000000000000.0,1740000000000.0
0x23e7a7f8d14b550961925fbfdaa92f5d195ba5bd,@107,21.507,189.87,4083.53,BUY,24-01-2025 06:19,1499.980655,Buy,0.0,0x82af03626d164ad6c666041c4a68f302011c0063582c7d21ed0aec3f846e61d8,66077096124,True,0.06645445,135000000000000.0,1740000000000.0
0x23e7a7f8d14b550961925fbfdaa92f5d195ba5bd,@107,24.255,53.87,1306.62,SELL,30-01-2025 02:04,2487.637676,Sell,116.081356,0x45c634f3c0db78cecf67041cc3b2160203d20078f04defb45988a287c6008c60,67577914016,True,0.457315,405000000000000.0,1740000000000.0
0x23e7a7f8d14b550961925fbfdaa92f5d195ba5bd,@107,22.25,10.0,222.5,BUY,02-02-2025 9:16,1191.132139,Buy,0.0,0xff1855a9f82b9da21429041cf8f5580201920063fd23d5128f2bcc93195908d3,68393772736,True,0.0035,584000000000000.0,1740000000000.0
0x23e7a7f8d14b550961925fbfdaa92f5d195ba5bd,PURR/USDC,0.13848,100.0,13.85,SELL,11-02-2025 7:17,499450.8446,Sell,-2.1536,0x3aad575aa7c73619a821041d88ebb002012e007d260f01d61f4d99161a3f3a75,71362263169,True,0.004846,223000000000000.0,1740000000000.0
0x23e7a7f8d14b550961925fbfdaa92f5d195ba5bd,ETH,2608.7,0.0039,10.17,BUY,12-02-2025 6:20,80.0042,Open Long,0.0,0xaf719742e7aa87cdd6c1041d983e30020209003dd771ab0852be44a857c9ed13,71613097970,True,0.00356,524000000000000.0,1740000000000.0
0x23e7a7f8d14b550961925fbfdaa92f5d195ba5bd,ETH,2606.8,1.0,2606.8,SELL,12-02-2025 6:22,33.0,Close Long,3.5,0x07b8c9f28c7cfc9fe735041d98442c02021c0064bd5eaef023a9290613c5f87c,71613526959,True,0.91238,74800000000000.0,1740000000000.0
0x23e7a7f8d14b550961925fbfdaa92f5d195ba5bd,ETH,2607.7,0.9572,2496.09,SELL,12-02-2025 6:23,13.9572,Close Long,4.21168,0x95f48b65a8c94250608d041d98463b01a30095cafb4b7330f0146b570231c4e5,71613643283,True,0.873631,1040000000000000.0,1740000000000.0
0x23e7a7f8d14b550961925fbfdaa92f5d195ba5bd,@107,21.956,12.5,274.45,SELL,24-02-2025 11:31,3091.907912,Sell,3.692124,0x6b090bd4564a31beb36b041e5b8f1b0202010061fab7545d211be914e7384eb8,74392913230,True,0.096057,231000000000000.0,1740000000000.0
0x23e7a7f8d14b550961925fbfdaa92f5d195ba5bd,@107,16.4,5.0,82.0,BUY,04-03-2025 7:31,2269.936443,Buy,0.0,0x8a62c1d091205dea791e041edd27cf020816005dafff225c08fe2b061bea28d6,76870120715,True,0.00175,1060000000000000.0,1740000000000.0
0x23e7a7f8d14b550961925fbfdaa92f5d195ba5bd,@107,17.001,159.72,2715.4,BUY,18-04-2025 03:37,4175.624758,Buy,0.0,0xaa1879c76d80fc4482550421be94e70201e50002456edde052d0be5d5065e859,87242458663,True,0.05590194,908000000000000.0,1740000000000.0
0x23e7a7f8d14b550961925fbfdaa92f5d195ba5bd,HYPE,17.198,17.44,299.93,SELL,18-04-2025 04:52,-2005.81,Open Short,0.0,0x927f27b642d51ac6b0370421bf6bcb020146007e94037d005b1691efc2ee5d2f,87249295569,True,0.104976,1050000000000000.0,1740000000000.0
0x23e7a7f8d14b550961925fbfdaa92f5d195ba5bd,@107,16.822,4.24,71.33,SELL,19-04-2025 02:46,3979.006964,Sell,0.203421,0x26d8c1dae992f49e0c410421ce292601ea003150078f0516f26ee5125f39dd3d,87393619922,True,0.024963,941000000000000.0,1750000000000.0
0x23e7a7f8d14b550961925fbfdaa92f5d195ba5bd,@107,16.816,37.5,630.6,SELL,19-04-2025 02:48,466.5069643,Sell,1.574122,0x927e5543264df13b5bde0421ce2e9602015c00c8660f6c0d3331c36ca30e54eb,87393760132,True,0.22071,509000000000000.0,1750000000000.0
0x23e7a7f8d14b550961925fbfdaa92f5d195ba5bd,HYPE,18.182,16.5,300.0,SELL,19-04-2025 13:30,0.0,Open Short,0.0,0xcc449086f471f2c9394a0421d5359d0201030015ecb29127c95e6750515a36c8,87452233916,True,0.105001,950000000000000.0,1750000000000.0
0x23e7a7f8d14b550961925fbfdaa92f5d195ba5bd,@107,17.766,101.98,1811.78,BUY,20-04-2025 00:13,2895.753099,Buy,0.0,0x14af9a49fc73d752cc560421dc534001a900870e4d36a48e4f9e62337822cf87,87514529928,True,0.03569295,1110000000000000.0,1750000000000.0
0x23e7a7f8d14b550961925fbfdaa92f5d195ba5bd,HYPE,18.174,5.5,99.96,SELL,20-04-2025 05:58,-3000.0,Open Short,0.0,0x8d4d896ad5b63791bef40421e017a602010d00e91c53acd74c61588d65f86d23,87542986900,True,0.034984,395000000000000.0,1750000000000.0
0x23e7a7f8d14b550961925fbfdaa92f5d195ba5bd,@107,18.327,8.24,151.01,BUY,20-04-2025 07:42,794.2207212,Buy,0.0,0xfd263328fcc96c0b036e0421e13baf01e000c93e2de613d62ef15308f6dcb89c,87553459512,True,0.00288399,233000000000000.0,1750000000000.0
0x23e7a7f8d14b550961925fbfdaa92f5d195ba5bd,HYPE,18.5,0.62,11.47,SELL,24-04-2025 02:36,209.5,Close Long,0.078058,0x0000000000000000000000000000000000000000000000000000000000000000,88419969344,False,0.001147,650000000000000.0,1750000000000.0
0x23e7a7f8d14b550961925fbfdaa92f5d195ba5bd,HYPE,18.4,0.65,11.96,SELL,24-04-2025 03:56,1738.3,Close Long,0.04875,0x0000000000000000000000000000000000000000000000000000000000000000,88429757565,False,0.001196,89000000000000.0,1750000000000.0
0x23e7a7f8d14b550961925fbfdaa92f5d195ba5bd,TAO,363.0,6.158,2235.35,SELL,25-04-2025 06:39,-169.771,Open Short,0.0,0x7a5cce2962b2d88289aa04223172370204f800d626d59579c6dd2d8bbe17994e,88711262073,False,0.223535,959000000000000.0,1750000000000.0
0x23e7a7f8d14b550961925fbfdaa92f5d195ba5bd,TAO,360.0,0.938,337.68,BUY,25-04-2025 06:49,-130.793,Close Short,2.345,0xe53b15d8a29c60fc06510422318fcc0202f90010dc35d2666aeb6dfc0e62dcc8,88713795125,False,0.033768,793000000000000.0,1750000000000.0
0x23e7a7f8d14b550961925fbfdaa92f5d195ba5bd,@107,18.202,33.69,613.23,SELL,26-04-2025 06:25,4603.395325,Sell,-29.488788,0x92f81745114a544cb9fe042241709f016e0068948cfd6c3e9099f60e46704218,88977157319,True,0.183967,1100000000000000.0,1750000000000.0
0x23e7a7f8d14b550961925fbfdaa92f5d195ba5bd,@107,18.2,27.48,500.14,SELL,26-04-2025 06:25,3071.425325,Sell,-24.108148,0x5049a97a5e3c36934e160422417129018d001e65e9e81fcd8e2572b29fed4698,88977174830,False,0.025006,68900000000000.0,1750000000000.0
0x23e7a7f8d14b550961925fbfdaa92f5d195ba5bd,@107,18.0,315.76,5683.68,BUY,27-04-2025 06:52,2996.765479,Buy,0.0,0x734a64d4364d3f78b358042251e15e0202ce00e32a103588a17a25795ac3f255,89190558110,False,0.015788,860000000000000.0,1750000000000.0
0x6d6a4b953f202f8df5bed40692e7fd865318264a,@107,34.437,10.0,344.37,SELL,21-12-2024 12:22,5930.0,Sell,287.887103,0xf4dfe3bb41a249bda46c0419bbb0420201c40078bc036381929235b82b440305,57302828165,True,0.120529,1010000000000000.0,1730000000000.0
0x6d6a4b953f202f8df5bed40692e7fd865318264a,@107,11.298,3.8,42.93,BUY,04-04-2025 16:36,0.0,Buy,0.0,0xd9c299387add319a6e810420e283740201ab007ced60abdbd737a7b335832a8d,83876778721,True,0.00127668,913000000000000.0,1740000000000.0
0xbaaaf6571ab7d571043ff1e313a9609a10637864,HYPE,22.638,2.21,50.03,BUY,24-02-2025 07:02,2472.9,Open Long,0.0,0xcf14f33a425ebee40734041e587cf5018400c039377bb0ea8da8cbfec674bd0b,73505718923,False,0.004801,640000000000000.0,1740000000000.0
0xbaaaf6571ab7d571043ff1e313a9609a10637864,HYPE,22.568,1.17,26.4,BUY,24-02-2025 07:19,14433.46,Open Long,0.0,0x8edec61e0f4398016071041e58b02b020134007a28416ddf651ee2470ef6e301,73505718946,False,0.002534,23800000000000.0,1740000000000.0
0xbaaaf6571ab7d571043ff1e313a9609a10637864,HYPE,22.374,0.51,11.41,BUY,24-02-2025 08:57,48928.15,Open Long,0.0,0xe30863dbd66230ba1994041e59cc3a0202bc00b20c5ebf92da29a3b29d20e020,73505721084,False,0.001095,746000000000000.0,1740000000000.0
0xbaaaf6571ab7d571043ff1e313a9609a10637864,HYPE,21.507,556.84,11975.96,BUY,24-02-2025 13:35,92868.64,Open Long,0.0,0x9bc9744d56df274a8443041e5cf67d015400e0ecd757ac350d0503f2ebaddd05,74400900687,False,1.149691,178000000000000.0,1740000000000.0
0xbaaaf6571ab7d571043ff1e313a9609a10637864,HYPE,21.49,2.0,42.98,BUY,24-02-2025 13:36,97618.87,Open Long,0.0,0x8a169d922bccefa82de7041e5cf7a902023e00a442219f6c211adba281437885,74400900695,False,0.004126,916000000000000.0,1740000000000.0
0xbaaaf6571ab7d571043ff1e313a9609a10637864,HYPE,21.476,10.0,214.76,BUY,24-02-2025 13:36,101503.45,Open Long,0.0,0x2bace3c35798233f4aa7041e5cf82602016c0069dade290f61f9c33b3f6fcbc7,74400900702,False,0.020616,565000000000000.0,1740000000000.0
0xbaaaf6571ab7d571043ff1e313a9609a10637864,HYPE,21.46,10.0,214.6,BUY,24-02-2025 13:37,105934.96,Open Long,0.0,0x8efb904d40dbed0da562041e5cfa6702031c00871bfef0f3432af5a48efdb922,74400900710,False,0.020601,495000000000000.0,1740000000000.0
0xbaaaf6571ab7d571043ff1e313a9609a10637864,HYPE,22.058,4.49,99.04,SELL,24-02-2025 18:25,117053.29,Close Long,0.734564,0x327d63ba987a42fcc17e041e6046db016a00ee9a9dd68404a4d504995ea34c94,74429390077,False,0.009507,629000000000000.0,1740000000000.0
0xbaaaf6571ab7d571043ff1e313a9609a10637864,HYPE,22.059,0.71,15.66,SELL,24-02-2025 18:25,116000.94,Close Long,0.116866,0x0000000000000000000000000000000000000000000000000000000000000000,74429390076,False,0.001503,367000000000000.0,1740000000000.0
0xbaaaf6571ab7d571043ff1e313a9609a10637864,HYPE,22.059,2.45,54.04,SELL,24-02-2025 18:25,115822.09,Close Long,0.40327,0x8c00b8cc25c91137286c041e6048260135005ccff41d0cf5ec3d2187bf367c88,74429390076,False,0.005187,581000000000000.0,1740000000000.0
0xbaaaf6571ab7d571043ff1e313a9609a10637864,HYPE,22.062,10.0,220.62,SELL,24-02-2025 18:27,111957.89,Close Long,1.676,0xfcb878cc74db4620643f041e604c6301e40022dfdf8f65d6f2b7d48cab8e6a3a,74429390073,False,0.021179,562000000000000.0,1740000000000.0
0xbaaaf6571ab7d571043ff1e313a9609a10637864,HYPE,22.064,3.25,71.71,SELL,24-02-2025 18:52,109655.04,Close Long,0.5512,0x6c004423567aa32b2c4a041e60982901cf009e1225d722c41ac06dc7c3637798,74429390071,False,0.006883,667000000000000.0,1740000000000.0
0xbaaaf6571ab7d571043ff1e313a9609a10637864,HYPE,22.066,10.0,220.66,SELL,24-02-2025 18:53,107631.69,Close Long,1.716,0xd85300496eb05b878067041e6099b301b00012574ce347efcb2f627436634c74,74429390069,False,0.021183,1080000000000000.0,1740000000000.0
0xbaaaf6571ab7d571043ff1e313a9609a10637864,HYPE,22.067,0.5,11.03,SELL,24-02-2025 18:53,106681.51,Close Long,0.0863,0x21bafc69b098088d3fc8041e609a2302010e007c5a63d8c1593a8aa15f74f878,74429390068,False,0.001058,786000000000000.0,1740000000000.0
0xbaaaf6571ab7d571043ff1e313a9609a10637864,HYPE,22.028,0.95,20.93,SELL,24-02-2025 18:55,78624.19,Close Long,0.12692,0x22ba0f6745e9cec37bc1041e609f9602012b0023ca6ce0def7949f5ea6fa77ca,74460710029,True,0.007031,85800000000000.0,1740000000000.0
0xbaaaf6571ab7d571043ff1e313a9609a10637864,HYPE,22.085,129.96,2870.17,SELL,24-02-2025 18:57,51201.56,Close Long,24.770376,0xb272c2a7ade6d4142065041e60a797019b00ce4489fac60c86cd81cdf3526a5e,74429390050,False,0.275535,941000000000000.0,1740000000000.0
0xbaaaf6571ab7d571043ff1e313a9609a10637864,HYPE,22.105,10.0,221.05,SELL,24-02-2025 19:01,26735.82,Close Long,2.106,0xc1b1be77a3eeb60b4928041e60b28e0163001365402b78e32ca906daaae83861,74429385603,False,0.02122,263000000000000.0,1740000000000.0
0xbaaaf6571ab7d571043ff1e313a9609a10637864,HYPE,21.058,142.97,3010.66,BUY,24-02-2025 20:22,37187.02,Open Long,0.0,0x0000000000000000000000000000000000000000000000000000000000000000,74468249843,False,0.289023,877000000000000.0,1740000000000.0
0xbaaaf6571ab7d571043ff1e313a9609a10637864,HYPE,20.274,22.21,450.29,BUY,25-02-2025 03:43,132812.45,Open Long,0.0,0x575433d95e49a3ac7445041e66ab4d020315004c53873dec8be8f686ccb32992,74479445882,False,0.043226,622000000000000.0,1740000000000.0
0xbaaaf6571ab7d571043ff1e313a9609a10637864,HYPE,20.274,7.02,142.32,BUY,25-02-2025 03:43,133166.75,Open Long,0.0,0x803c974ff3f601dce7c5041e66ab670201c500ce9a046dfc468ee13d050d22b4,74479445882,False,0.013662,498000000000000.0,1740000000000.0
0xbaaaf6571ab7d571043ff1e313a9609a10637864,HYPE,20.273,7.26,147.18,BUY,25-02-2025 03:43,133769.22,Open Long,0.0,0x12e000ead45b8e084ca1041e66ab840202b1001014f488290b979af25d1ab3b2,74479445883,False,0.014129,392000000000000.0,1740000000000.0
0xbaaaf6571ab7d571043ff1e313a9609a10637864,HYPE,20.27,15.74,319.05,BUY,25-02-2025 03:44,136533.63,Open Long,0.0,0x8bf3647268bfab12624b041e66ac0602054300684494dc193bbf850aec990407,74479445886,False,0.030627,961000000000000.0,1740000000000.0
0xbaaaf6571ab7d571043ff1e313a9609a10637864,HYPE,20.265,10.0,202.65,BUY,25-02-2025 03:45,141694.76,Open Long,0.0,0xf6d441078263eecc7d07041e66ae910208010014b055ed782631145c8cece1a0,74479445891,False,0.019454,863000000000000.0,1740000000000.0
0xbaaaf6571ab7d571043ff1e313a9609a10637864,HYPE,20.097,720.49,14479.69,BUY,25-02-2025 05:23,184154.42,Open Long,0.0,0x746ee4f34818342f4770041e67d0250204b10120c71d8553b8d3fdf0fd560ee5,74597832173,True,4.865174,599000000000000.0,1740000000000.0
0xbaaaf6571ab7d571043ff1e313a9609a10637864,HYPE,20.138,40.0,805.52,BUY,25-02-2025 05:23,212775.79,Open Long,0.0,0xb9ea90de3afcaea9b588041e67d0370201de011556ccad1c7d0b684bee16a6ee,74597839891,True,0.270654,462000000000000.0,1740000000000.0
0xbaaaf6571ab7d571043ff1e313a9609a10637864,HYPE,19.379,2.0,38.76,BUY,25-02-2025 07:22,234103.95,Open Long,0.0,0x07a390f34d036deea32e041e6926bf0201e400dee66e9bbaa2c41fb9931a4b3b,74607648923,False,0.001859,505000000000000.0,1740000000000.0
0xbaaaf6571ab7d571043ff1e313a9609a10637864,HYPE,19.353,2.0,38.71,BUY,25-02-2025 07:24,242551.29,Open Long,0.0,0x0e64ab101518be6efdc3041e692bbd020268000a34dd07e335143898b471678f,74607648910,False,0.001857,925000000000000.0,1740000000000.0
0xbaaaf6571ab7d571043ff1e313a9609a10637864,HYPE,19.349,2.0,38.7,BUY,25-02-2025 07:24,243203.03,Open Long,0.0,0x4cb6c634fedf32d3ab81041e692cb3020266007ca6f0016e1e15e004b0d1a465,74607642759,False,0.001856,1120000000000000.0,1740000000000.0
0xbaaaf6571ab7d571043ff1e313a9609a10637864,HYPE,19.842,251.76,4995.42,SELL,25-02-2025 21:27,289645.67,Close Long,1.812672,0x44429db3996cfc29a1f0041e72bd1b020521005232f16bf3f36660238bf29765,74784393149,False,0.23978,96900000000000.0,1740000000000.0
0xbaaaf6571ab7d571043ff1e313a9609a10637864,HYPE,19.847,50.0,992.35,SELL,25-02-2025 21:27,280140.21,Close Long,0.61,0xddd403eb31c48d886a70041e72bd3b0201ed00b7360394786b8c2ebb2e716d80,74784393152,False,0.047632,1070000000000000.0,1740000000000.0
0xbaaaf6571ab7d571043ff1e313a9609a10637864,HYPE,17.698,33.75,597.31,BUY,04-03-2025 4:53,15544.55,Open Long,0.0,0x107aa8e6887616a9dd6f041edb5b650201e200df6a8c23cd6348e0f703e788c3,76823677628,True,0.172024,158000000000000.0,1740000000000.0
0xbaaaf6571ab7d571043ff1e313a9609a10637864,HYPE,17.025,174.38,2968.82,BUY,04-03-2025 7:05,97680.33,Open Long,0.0,0x4e76591f075ab34be462041edcde190202570018523fa71123b84fc501d67f54,75775902055,False,0.142502,1060000000000000.0,1740000000000.0
0xbaaaf6571ab7d571043ff1e313a9609a10637864,HYPE,16.55,8652.84,143204.5,BUY,04-03-2025 7:08,119251.71,Open Long,0.0,0x4c2e8f6bbb176cc4af82041edce79a02055d007118166f6967d1abe7f8f5bd11,76823785636,False,6.873816,1120000000000000.0,1740000000000.0
0xbaaaf6571ab7d571043ff1e313a9609a10637864,HYPE,17.613,291.56,5135.25,SELL,05-03-2025 4:20,219751.2,Close Long,291.006036,0x347d873ccb38532d2d0b041eeaeda302010d002eb0c29825f41fa7f840e92149,77211051521,True,1.540573,167000000000000.0,1740000000000.0
0xbaaaf6571ab7d571043ff1e313a9609a10637864,HYPE,17.5,119.05,2083.38,SELL,05-03-2025 4:20,189205.01,Close Long,105.371155,0x2736d438dca701290379041eeaf04f01f700e371e5bb7303b8396823c2d71a67,77211119412,True,0.625012,352000000000000.0,1740000000000.0
0xbaaaf6571ab7d571043ff1e313a9609a10637864,HYPE,17.5,19.52,341.6,SELL,05-03-2025 4:20,186285.62,Close Long,17.277152,0xbe07962f8acbb522566c041eeaf0600187003dd848fa1b6f4a2f0933a74dbcb9,77211119412,False,0.01708,619000000000000.0,1740000000000.0
0xbaaaf6571ab7d571043ff1e313a9609a10637864,HYPE,17.535,115.36,2022.84,SELL,05-03-2025 4:42,178757.55,Close Long,106.142736,0xf56d37a1433b9a919b96041eeb2cd901d200aa10e48be082fdec54477878babe,77214297554,True,0.606851,1010000000000000.0,1740000000000.0
0xbaaaf6571ab7d571043ff1e313a9609a10637864,HYPE,17.507,50.0,875.35,SELL,05-03-2025 14:55,39137.73,Close Long,44.605,0x16c116a0000d45985767041ef21cd201f700fd2fe41aa4a28ca1aa81bbe351eb,77326279701,True,0.218837,745000000000000.0,1740000000000.0
0xbaaaf6571ab7d571043ff1e313a9609a10637864,HYPE,16.693,3649.5,60921.1,BUY,05-03-2025 21:57,5119.82,Open Long,0.0,0x86dc9a376d6959295306041ef6fe7a0203b1004432df83cde9c71a27e06e3cf0,77425337802,True,15.230275,231000000000000.0,1740000000000.0
0xbaaaf6571ab7d571043ff1e313a9609a10637864,HYPE,16.101,37.05,596.54,SELL,07-03-2025 20:39,121861.59,Close Long,24.80127,0xa67acabfc24d0cb5d05b041f1704590204f000525423d8cded7ec70825f7b658,77962266892,True,0.149135,29600000000000.0,1740000000000.0
0xbaaaf6571ab7d571043ff1e313a9609a10637864,HYPE,16.091,37.05,596.17,SELL,07-03-2025 20:39,120229.46,Close Long,24.43077,0xa67acabfc24d0cb5d05b041f1704590204f000525423d8cded7ec70825f7b658,77962266892,True,0.149042,360000000000000.0,1740000000000.0
0xbaaaf6571ab7d571043ff1e313a9609a10637864,HYPE,16.068,309.32,4970.15,SELL,07-03-2025 20:39,60758.04,Close Long,196.851248,0x00f4bf283210e09cb09f041f17055702026900bab3394dcf73495437996023ea,77962361891,True,1.242538,966000000000000.0,1740000000000.0
0xbaaaf6571ab7d571043ff1e313a9609a10637864,HYPE,16.047,70.0,1123.29,SELL,07-03-2025 20:39,54758.14,Close Long,43.078,0x00f4bf283210e09cb09f041f17055702026900bab3394dcf73495437996023ea,77962361891,True,0.280822,243000000000000.0,1740000000000.0
0xbaaaf6571ab7d571043ff1e313a9609a10637864,HYPE,15.9,3.0,47.7,SELL,07-03-2025 20:41,1684.04,Close Long,1.4052,0x1419af9a7ed79be1b95b041f170aea02038200b83f3aa8dbf4e9ecb573028f9f,77962881534,False,0.0,876000000000000.0,1740000000000.0
0xbaaaf6571ab7d571043ff1e313a9609a10637864,HYPE,14.18,41.17,583.79,BUY,10-03-2025 20:34,7376.84,Open Long,0.0,0x5907b571d9ea18930202041f487b7502030700482274989174de703603e4ebc9,78718157667,True,0.145947,1120000000000000.0,1740000000000.0
0xbaaaf6571ab7d571043ff1e313a9609a10637864,HYPE,14.5,75.0,1087.5,SELL,10-03-2025 20:40,10791.48,Close Long,23.7525,0x6366f4de950c62914644041f488dc102031a00ef3b189881bd5207e039af2c65,78720556891,False,0.0,588000000000000.0,1740000000000.0
0xbaaaf6571ab7d571043ff1e313a9609a10637864,HYPE,13.71,141.05,1933.8,SELL,11-03-2025 0:50,13827.09,Close Long,3.173625,0x11d810417897983b199d041f4b6ef102017d0052bf9c101b13cbbf1e033a8cbc,78799967769,False,0.0,150000000000000.0,1740000000000.0
0xbaaaf6571ab7d571043ff1e313a9609a10637864,HYPE,13.685,36.54,500.05,BUY,11-03-2025 4:45,7485.77,Open Long,0.0,0xb5b0591045073ba5dcb3041f4e274e0203230056a9d0e2dabc4ed393260d6b6f,78855434507,True,0.125012,422000000000000.0,1740000000000.0
0xbaaaf6571ab7d571043ff1e313a9609a10637864,HYPE,13.42,80.0,1073.6,BUY,11-03-2025 5:53,48815.7,Open Long,0.0,0xdaa2b64b9463a8449aa4041f4ef3c102043b00be5b63488951b8278704f1d4bc,78800474927,False,0.0,303000000000000.0,1740000000000.0
0xbaaaf6571ab7d571043ff1e313a9609a10637864,HYPE,13.096,410.48,5375.65,BUY,11-03-2025 6:08,164840.91,Open Long,0.0,0x76d13e02040f18be2b06041f4f1e3502058400992012fd72349ca3ff82f3b37f,78808032423,False,0.0,1100000000000000.0,1740000000000.0
0xbaaaf6571ab7d571043ff1e313a9609a10637864,HYPE,13.05,10.0,130.5,BUY,11-03-2025 6:17,190973.76,Open Long,0.0,0xdd4e3ad155ab3ff904c0041f4f387c02045f00fe0e37fd98c35a9a94430201e4,78766167752,False,0.0,1100000000000000.0,1740000000000.0
0xbaaaf6571ab7d571043ff1e313a9609a10637864,HYPE,13.05,0.7,9.13,BUY,11-03-2025 6:17,192363.63,Open Long,0.0,0x4580763fb4518f0a3a1e041f4f389d020274001cc9472187b0d9e723c781d1a5,78766167752,False,0.0,164000000000000.0,1740000000000.0
0xbaaaf6571ab7d571043ff1e313a9609a10637864,HYPE,13.035,37.91,494.16,BUY,11-03-2025 6:21,219341.37,Open Long,0.0,0x7ce53d73ec401cacbf2e041f4f421b02094f00f01265c3777f0a435401df1f13,78808032435,False,0.0,541000000000000.0,1740000000000.0
0xbaaaf6571ab7d571043ff1e313a9609a10637864,HYPE,14.67,138.54,2032.38,SELL,12-03-2025 1:02,211132.7,Close Long,192.141126,0x3655a111928eedee013c041f5c2d5402013c008ea1f39f2a909376e7d5023bc2,79152457130,True,0.508095,43200000000000.0,1740000000000.0
0xbaaaf6571ab7d571043ff1e313a9609a10637864,HYPE,14.52,1.0,14.52,SELL,12-03-2025 1:05,172177.46,Close Long,1.2369,0x26ee76e87b22c2385c84041f5c36a401a000c394ec13582e7ca39b451329fe0e,79153164571,True,0.00363,1110000000000000.0,1740000000000.0
0xbaaaf6571ab7d571043ff1e313a9609a10637864,HYPE,14.457,25.7,371.54,SELL,12-03-2025 1:12,138978.06,Close Long,30.16923,0xb3a9e6e4f5293d501bb3041f5c49ec02018b00ecdfb8798414bcd103222f2c30,79154664708,True,0.092886,785000000000000.0,1740000000000.0
0xbaaaf6571ab7d571043ff1e313a9609a10637864,HYPE,14.421,45.33,653.7,SELL,12-03-2025 1:12,116010.21,Close Long,51.581007,0xb3a9e6e4f5293d501bb3041f5c49ec02018b00ecdfb8798414bcd103222f2c30,79154664708,True,0.163425,732000000000000.0,1740000000000.0
0xbaaaf6571ab7d571043ff1e313a9609a10637864,HYPE,14.471,34.55,499.97,SELL,12-03-2025 1:17,99268.08,Close Long,41.041945,0xe9785f292b80bac57c36041f5c5b4b01fb007686ca86322f49f78f1aa03d78be,79155806595,True,0.124993,461000000000000.0,1740000000000.0
0xbaaaf6571ab7d571043ff1e313a9609a10637864,HYPE,14.47,35.4,512.24,SELL,12-03-2025 1:17,99169.77,Close Long,42.01626,0xe9785f292b80bac57c36041f5c5b4b01fb007686ca86322f49f78f1aa03d78be,79155806595,True,0.128059,618000000000000.0,1740000000000.0
0xbaaaf6571ab7d571043ff1e313a9609a10637864,HYPE,14.328,55.37,793.34,SELL,12-03-2025 1:34,30617.64,Close Long,57.856113,0x014b96aa4f4aa9980229041f5c8b9702014200f9f6f44ccb5bb7064267bc440a,79159283165,True,0.198335,286000000000000.0,1740000000000.0
0xbaaaf6571ab7d571043ff1e313a9609a10637864,HYPE,13.544,880.29,11922.65,BUY,12-03-2025 14:46,4377.0,Open Long,0.0,0x704cb1987b575b8b1c2e041f65b73601b400ba32ed8d631a18e4b471b5fc9840,79283350742,False,0.596132,850000000000000.0,1740000000000.0
0xbaaaf6571ab7d571043ff1e313a9609a10637864,HYPE,12.85,25.81,331.66,BUY,12-03-2025 14:52,143022.01,Open Long,0.0,0xc289d64fb043f2a2a413041f65c8f70000d45995f51fcc424a31985b275e5482,78855706979,False,0.016582,293000000000000.0,1740000000000.0
0xbaaaf6571ab7d571043ff1e313a9609a10637864,HYPE,13.233,15.11,199.95,SELL,12-03-2025 15:02,205440.21,Close Long,2.500705,0x982c418feb36ba6b8c6b041f65e6ad0201030020ed215c413c3a13bf8cb45f5d,79304122789,True,0.059985,216000000000000.0,1740000000000.0
0xbaaaf6571ab7d571043ff1e313a9609a10637864,HYPE,13.218,74.67,986.99,SELL,12-03-2025 15:02,201071.17,Close Long,11.237835,0x982c418feb36ba6b8c6b041f65e6ad0201030020ed215c413c3a13bf8cb45f5d,79304122789,True,0.296096,764000000000000.0,1740000000000.0
0xbaaaf6571ab7d571043ff1e313a9609a10637864,HYPE,13.4,37.26,499.28,SELL,12-03-2025 15:09,138610.97,Close Long,12.38895,0xcbcd0bdc94b4b3818ee6041f65faf80202ae00ea2a1327590bc03ea9677bf1c1,79305506568,False,0.024964,255000000000000.0,1740000000000.0
0xbaaaf6571ab7d571043ff1e313a9609a10637864,HYPE,13.665,182.94,2499.88,SELL,12-03-2025 15:10,133048.11,Close Long,109.30665,0xfd761a82b5d5dab7103b041f65fd1101fb00dcf41edd74f9763f1565fe0ff2b8,79305638206,True,0.749962,500000000000000.0,1740000000000.0
0xbaaaf6571ab7d571043ff1e313a9609a10637864,HYPE,13.0,83.65,1087.45,BUY,12-03-2025 15:17,112568.1,Open Long,0.0,0x115805e12ac448990c0a041f66123501fe00577a13b62a2b5663751e912742ca,79306752397,True,0.326235,523000000000000.0,1740000000000.0
0xbaaaf6571ab7d571043ff1e313a9609a10637864,HYPE,12.776,9.79,125.08,BUY,12-03-2025 20:53,152569.03,Open Long,0.0,0x3a5e09cdea1b534693b2041f6a024b019200c64a07c4aed57f92737185cac5f1,79382857725,False,0.006253,1080000000000000.0,1740000000000.0
0xbaaaf6571ab7d571043ff1e313a9609a10637864,HYPE,12.97,22.05,285.99,SELL,14-03-2025 00:32,167919.55,Close Long,0.174195,0x0000000000000000000000000000000000000000000000000000000000000000,79676785319,False,0.0,320000000000000.0,1740000000000.0
0xbaaaf6571ab7d571043ff1e313a9609a10637864,HYPE,12.822,791.05,10142.84,SELL,14-03-2025 07:58,186117.57,Close Long,37.100245,0x4452166ec5abd662cb43041f826a720204ba009db471e688a929b089d0e87328,79696873954,False,0.0,944000000000000.0,1740000000000.0
0xbaaaf6571ab7d571043ff1e313a9609a10637864,HYPE,12.891,680.78,8775.93,SELL,14-03-2025 08:39,119307.06,Close Long,78.902402,0xc355262eefe6342a2379041f82e43001870029875ebbdc3c492a9cff4b80d2ce,79696873988,False,0.0,1050000000000000.0,1740000000000.0
0xbaaaf6571ab7d571043ff1e313a9609a10637864,HYPE,12.808,854.24,10941.11,SELL,14-03-2025 09:41,103296.64,Close Long,28.104496,0x0000000000000000000000000000000000000000000000000000000000000000,79743319110,False,0.0,507000000000000.0,1740000000000.0
0xbaaaf6571ab7d571043ff1e313a9609a10637864,HYPE,12.812,1.41,18.06,SELL,14-03-2025 09:43,97938.77,Close Long,0.052029,0x0000000000000000000000000000000000000000000000000000000000000000,79743319112,False,0.0,318000000000000.0,1740000000000.0
0xbaaaf6571ab7d571043ff1e313a9609a10637864,HYPE,12.814,34.09,436.83,SELL,14-03-2025 09:44,95791.01,Close Long,1.326101,0xd0567ca7fc598d1b969e041f839d900201520074216ee7832a9612f107fe0ed6,79743319113,False,0.0,19100000000000.0,1740000000000.0
0xbaaaf6571ab7d571043ff1e313a9609a10637864,HYPE,12.831,38.95,499.77,SELL,14-03-2025 09:46,79513.56,Close Long,2.177305,0x0ad7fd56714955c92eee041f83a3b002022700f495b539be0aaea5bf8d9364f3,79743319121,False,0.0,801000000000000.0,1740000000000.0
0xbaaaf6571ab7d571043ff1e313a9609a10637864,HYPE,12.833,3.33,42.73,SELL,14-03-2025 09:46,76984.95,Close Long,0.192807,0x0000000000000000000000000000000000000000000000000000000000000000,79743319122,False,0.0,606000000000000.0,1740000000000.0
0xbaaaf6571ab7d571043ff1e313a9609a10637864,HYPE,12.89,10.0,128.9,SELL,14-03-2025 09:56,12948.98,Close Long,1.149,0x637c1817c75b70f1451a041f83c22101ed007c2f165a61c1cfb85eed4d03e575,79743319150,False,0.0,807000000000000.0,1740000000000.0
0xbaaaf6571ab7d571043ff1e313a9609a10637864,HYPE,12.89,10.0,128.9,SELL,14-03-2025 09:56,12309.35,Close Long,1.149,0xe4108dba43724410b14d041f83c28401f6007b81507409275b8c2c789d0a9f70,79743319150,False,0.0,922000000000000.0,1740000000000.0
0xbaaaf6571ab7d571043ff1e313a9609a10637864,HYPE,12.894,10.0,128.94,SELL,14-03-2025 09:58,9439.5,Close Long,1.189,0x6dd5d626a111b526a341041f83c725019a00d5b577cdc99c017e619d3bb6778f,79743319152,False,0.0,410000000000000.0,1740000000000.0
0xbaaaf6571ab7d571043ff1e313a9609a10637864,HYPE,13.585,36.8,499.93,BUY,28-03-2025 13:55,691.24,Open Long,0.0,0xbfadea3eb1095bde764f04206cc4ad0203af001c56967369ace9b2863b565f72,82273070340,True,0.174974,929000000000000.0,1740000000000.0
0xbaaaf6571ab7d571043ff1e313a9609a10637864,HYPE,13.695,129.13,1768.44,BUY,28-03-2025 15:43,20735.24,Open Long,0.0,0x143750036aa1e721174704206e012c02011c0035de940fd0dbf8525f5e9de248,82287210933,True,0.618952,311000000000000.0,1740000000000.0
0xbaaaf6571ab7d571043ff1e313a9609a10637864,HYPE,12.577,39.75,499.94,BUY,29-03-2025 15:15,110388.75,Open Long,0.0,0x594f2fd9f142754f6d5c04207e381702024a003c76dddcd2f943bf39c7867c4e,82477618470,True,0.174977,1010000000000000.0,1740000000000.0
0xbaaaf6571ab7d571043ff1e313a9609a10637864,HYPE,12.376,52.14,645.28,BUY,30-03-2025 16:01,145626.52,Open Long,0.0,0xcf0a2f14ed92649957f904208f402501ab0046c42f1567894761f149ef707a16,82543956166,False,0.064528,384000000000000.0,1740000000000.0
0xbaaaf6571ab7d571043ff1e313a9609a10637864,HYPE,13.71,15.02,205.92,SELL,02-04-2025 17:28,153131.32,Close Long,15.195734,0x9b86ba4a42aeab15bb5b0420c1d2fa014800cc8d542acc0d45889e8ec56f9398,83355169639,True,0.072073,157000000000000.0,1740000000000.0
0xbaaaf6571ab7d571043ff1e313a9609a10637864,HYPE,13.701,44.09,604.08,SELL,02-04-2025 17:30,138101.66,Close Long,44.209043,0xc49aba001bcedb0803440420c1d88402021d00fe9ac4beebcfcdda6bdf58303e,83355430544,True,0.211426,921000000000000.0,1740000000000.0
0xbaaaf6571ab7d571043ff1e313a9609a10637864,HYPE,13.624,17.72,241.42,SELL,02-04-2025 18:22,127595.7,Close Long,16.403404,0xdd08fbf6c4fa7af1dbbc0420c272e80201ac00d83b4d1bc6bd0768b54b32c196,83364331655,True,0.084496,518000000000000.0,1740000000000.0
0xbaaaf6571ab7d571043ff1e313a9609a10637864,HYPE,13.562,81.88,1110.46,SELL,02-04-2025 18:22,53133.63,Close Long,70.719756,0xf0c964753e6759aaea9f0420c27356020110000c72126c42e666dc0afdb2ff3c,83364353312,True,0.388659,194000000000000.0,1740000000000.0
0xbaaaf6571ab7d571043ff1e313a9609a10637864,HYPE,12.216,979.59,11966.67,BUY,03-04-2025 4:14,87038.48,Open Long,0.0,0x0000000000000000000000000000000000000000000000000000000000000000,83309672341,False,1.196667,1080000000000000.0,1740000000000.0
0xbaaaf6571ab7d571043ff1e313a9609a10637864,HYPE,12.206,216.15,2638.33,BUY,03-04-2025 4:15,91936.43,Open Long,0.0,0x2ea603ee1ec22082c6c30420c951ed0204da00d79b98a5838f1f07d6d817850f,83309672346,False,0.263832,566000000000000.0,1740000000000.0
0xbaaaf6571ab7d571043ff1e313a9609a10637864,HYPE,12.52,15.0,187.8,SELL,03-04-2025 7:23,59042.38,Close Long,0.2985,0x519aeb61e87ddfe1d7000420cb889b019900da7e15fa786a915d016449d0ea2a,83515748199,False,0.00939,104000000000000.0,1740000000000.0
0xbaaaf6571ab7d571043ff1e313a9609a10637864,HYPE,11.3,2.97,33.56,BUY,03-04-2025 19:22,79251.81,Open Long,0.0,0x7c864636ce012cbdbe680420d3d1b90202e600e48be21bf68963c4ab9cb9d755,83668871170,False,0.001678,869000000000000.0,1740000000000.0
0xbaaaf6571ab7d571043ff1e313a9609a10637864,HYPE,11.519,11.88,136.85,SELL,03-04-2025 22:35,51340.26,Close Long,0.242352,0xe772c18d9de08aa659410420d613ca019400ede7e7e588b23476c93dda5f003f,83713441439,True,0.041053,182000000000000.0,1740000000000.0
0xbaaaf6571ab7d571043ff1e313a9609a10637864,HYPE,11.486,64.52,741.08,BUY,06-04-2025 15:42,4380.18,Open Long,0.0,0xda1fe59df3dab14c8c1b0421028cfa01d900798c0fb249c24278df11a7066b86,84226728793,True,0.222323,26700000000000.0,1740000000000.0
0xbaaaf6571ab7d571043ff1e313a9609a10637864,HYPE,11.13,93.42,1039.76,BUY,06-04-2025 19:21,57944.23,Open Long,0.0,0x0ce1ca149496e93aec4b04210504ea0207480017cb5021ccd21f5452cf8a5dc7,84248596190,False,0.051988,1020000000000000.0,1740000000000.0
0xbaaaf6571ab7d571043ff1e313a9609a10637864,HYPE,11.31,1661.06,18786.59,SELL,06-04-2025 20:17,56916.23,Close Long,14.617328,0xf11b7ae651b71dbd71c8042105a3b00202ba006f61d591b85fc61e40690cfca9,84253900012,False,0.939329,541000000000000.0,1740000000000.0
0xaf40fdc468c30116bd3307bcbf4a451a7ebf1deb,@142,83190.0,0.04054,3372.52,SELL,17-03-2025 07:55,2.986249439,Sell,-33.371573,0xbe20306ad756fa03cc2d041fb395fc02012d006819a997ce02e6d07ef2bf755b,80264404238,False,0.337252,517000000000000.0,1740000000000.0
0xaf40fdc468c30116bd3307bcbf4a451a7ebf1deb,BTC,83396.0,0.015,1250.94,SELL,19-03-2025 13:59,3.91003,Close Long,10.23,0x367305bc7802c8807e69041fd89034020166008ddd1ea21316fb3bafd4e71faa,80685959412,False,0.125094,904000000000000.0,1740000000000.0
0xaf40fdc468c30116bd3307bcbf4a451a7ebf1deb,BTC,87450.0,0.00018,15.74,BUY,26-03-2025 07:46,0.31659,Open Long,0.0,0x0000000000000000000000000000000000000000000000000000000000000000,81824207328,False,0.001574,690000000000000.0,1740000000000.0
0xaf40fdc468c30116bd3307bcbf4a451a7ebf1deb,BTC,86350.0,0.0003,25.9,BUY,28-03-2025 10:10,0.01684,Open Long,0.0,0x2ac0c0e62d40f5c71ded04206a289b020295003a7bc1284950b7c9ac8d2ccd76,82174735929,False,0.00259,109000000000000.0,1740000000000.0
0x3998f134d6aaa2b6a5f723806d00fd2bbbbce891,@41,0.10422,0.031076,0.0,SELL,07-08-2024 5:30,0.031076,Spot Dust Conversion,0.0,0x0000000000000000000000000000000000000000000000000000000000000000,33072076133,True,0.0,0.0,1720000000000.0
0x3998f134d6aaa2b6a5f723806d00fd2bbbbce891,PURR/USDC,0.25426,193.0,49.07,SELL,29-11-2024 23:25,231789.2137,Sell,16.811781,0xf1ea66a558afcae6b6240418034a3d017300eab3c3b23bdabdd690cf7f22940a,51330085957,False,0.00471,1050000000000000.0,1730000000000.0
0x3998f134d6aaa2b6a5f723806d00fd2bbbbce891,@107,14.5,68.98,1000.21,SELL,10-03-2025 6:16,46862.30911,Sell,-177.623295,0x8912ba991ebf8caddd3e041f3e93550204dd0020caf426f5d0a0fedd726e8a3c,78534193038,False,0.09602,234000000000000.0,1740000000000.0
0x3998f134d6aaa2b6a5f723806d00fd2bbbbce891,@107,13.62,28.28,385.17,SELL,11-03-2025 7:00,44416.22911,Sell,-97.707316,0x0000000000000000000000000000000000000000000000000000000000000000,78900722928,False,0.036976,1090000000000000.0,1740000000000.0
0x3998f134d6aaa2b6a5f723806d00fd2bbbbce891,@107,13.64,204.25,2785.97,SELL,11-03-2025 7:07,35271.03911,Sell,-701.598143,0x6ff74d7953cb6d9fbcfa041f4fc26a02054000a971d6eca0d6e30b5d80912b85,78902459110,False,0.267453,780000000000000.0,1740000000000.0
0x3998f134d6aaa2b6a5f723806d00fd2bbbbce891,MELANIA,0.50251,477.5,239.95,BUY,12-04-2025 8:21,-56344.8,Close Short,16.459425,0x901dc456e0494be23c290421602b5602038a00ce1a9d67d82b1969b1739164d8,85929818761,False,0.023034,771000000000000.0,1740000000000.0
0xa0feb3725a9335f49874d7cd8eaad6be45b27416,HYPE,18.033,46.22,833.49,SELL,13-12-2024 22:56,2703.67,Close Long,15.64547,0x769b1812a5320b1701dc041925c3f201980021302c95cf90bd47ed74a79a04cc,55227768691,False,0.041674,835000000000000.0,1730000000000.0
0xa0feb3725a9335f49874d7cd8eaad6be45b27416,HYPE,19.133,114.9,2198.38,BUY,14-12-2024 00:19,479.0,Open Long,0.0,0x2e35b0587c37e22d09c0041926f7910000be80198447a941927de088746d2ca2,55260453656,False,0.109919,420000000000000.0,1730000000000.0
0xa0feb3725a9335f49874d7cd8eaad6be45b27416,HYPE,19.412,1.37,26.59,SELL,14-12-2024 05:12,3094.5,Close Long,0.270301,0xfd947ecf8b4cd333aca104192b376601580016467b9b9ee252136ba60748c6e7,55295422161,False,0.001329,1090000000000000.0,1730000000000.0
0xa0feb3725a9335f49874d7cd8eaad6be45b27416,HYPE,19.674,458.71,9024.66,BUY,14-12-2024 07:53,1671.56,Open Long,0.0,0x0b79ecd31988bc2a1fcf04192d89e2017100ee4889ad182515b8f6521eccb47c,55320732753,False,0.451233,184000000000000.0,1730000000000.0
0xa0feb3725a9335f49874d7cd8eaad6be45b27416,HYPE,20.889,1.42,29.66,BUY,14-12-2024 14:55,467.85,Open Long,0.0,0xa571a5a24f7d5bd85914041933a46a02027400fd5c00bcadfb8990bd5935dc61,55351222877,False,0.001483,33400000000000.0,1730000000000.0
0xa0feb3725a9335f49874d7cd8eaad6be45b27416,HYPE,22.204,7.92,175.86,SELL,14-12-2024 20:32,154.03,Close Long,3.861,0x0000000000000000000000000000000000000000000000000000000000000000,55411509178,False,0.008792,214000000000000.0,1730000000000.0
0xa0feb3725a9335f49874d7cd8eaad6be45b27416,HYPE,24.543,21.72,533.07,BUY,15-12-2024 08:22,2713.25,Open Long,0.0,0xe54d07379cc505240374041942c179017100a988e4064c46cb80e09837c77cd0,55503780796,False,0.026653,115000000000000.0,1730000000000.0
0xa0feb3725a9335f49874d7cd8eaad6be45b27416,HYPE,24.302,16.64,404.39,BUY,15-12-2024 08:25,3329.46,Open Long,0.0,0x0000000000000000000000000000000000000000000000000000000000000000,55503780810,False,0.020219,524000000000000.0,1730000000000.0
0xa0feb3725a9335f49874d7cd8eaad6be45b27416,HYPE,24.051,89.63,2155.69,SELL,16-12-2024 04:41,2321.94,Close Long,40.091499,0xca1dd9630328b593bb250419544f5501ca00fb4181816739bd952acfc3e12284,55649181012,False,0.107784,1120000000000000.0,1730000000000.0
0xa0feb3725a9335f49874d7cd8eaad6be45b27416,HYPE,23.571,61.21,1442.78,SELL,16-12-2024 05:57,1251.82,Close Long,13.294812,0x0000000000000000000000000000000000000000000000000000000000000000,55665792378,False,0.072139,643000000000000.0,1730000000000.0
0xa0feb3725a9335f49874d7cd8eaad6be45b27416,HYPE,24.42,13.2,322.34,SELL,16-12-2024 10:28,484.12,Close Long,4.72956,0x78f55c3576d91272e7f80419594e72017200b4c9b8324d200809de398871a654,55711111941,False,0.016117,738000000000000.0,1730000000000.0
0xa0feb3725a9335f49874d7cd8eaad6be45b27416,HYPE,27.97,75.19,2103.06,SELL,17-12-2024 06:07,2114.24,Close Long,27.121033,0x78a43c69867ec26a482c04196a24050201af004aaa50751007c3b5fe574924ff,55895873507,False,0.105153,321000000000000.0,1730000000000.0
0xa0feb3725a9335f49874d7cd8eaad6be45b27416,HYPE,28.75,0.44,12.65,SELL,17-12-2024 11:25,1794.6,Close Long,0.213004,0x0000000000000000000000000000000000000000000000000000000000000000,55943771353,False,0.000632,462000000000000.0,1730000000000.0
0xa0feb3725a9335f49874d7cd8eaad6be45b27416,HYPE,26.029,36.23,943.03,SELL,19-12-2024 03:13,351.63,Close Long,15.72382,0x91b1ed92e3ff291ccaf0041990b90b02017800365a57ec68b5d2902a355b061d,56404964996,True,0.282909,337000000000000.0,1730000000000.0
0xa0feb3725a9335f49874d7cd8eaad6be45b27416,HYPE,29.611,0.43,12.73,BUY,21-12-2024 00:28,772.62,Open Long,0.0,0x5a6c84a22c08d48c288f0419b46e1702010c0057bad7e2a814e0ba90454dd751,57162146156,False,0.000636,823000000000000.0,1730000000000.0
0xa0feb3725a9335f49874d7cd8eaad6be45b27416,HYPE,33.547,67.68,2270.46,BUY,22-12-2024 10:09,303.73,Open Long,0.0,0x31a8bf6e2a4e9adde7970419c8c573018a0025040e2a20718116b45d3482d5ab,57591127464,False,0.113523,892000000000000.0,1730000000000.0
0xa0feb3725a9335f49874d7cd8eaad6be45b27416,HYPE,32.731,58.26,1906.91,BUY,22-12-2024 10:37,1426.88,Open Long,0.0,0x2079632e9ae12a401f680419c90dfb01a50015c9bcd8bbbdbcca0c3483e24e7f,57590590889,False,0.095345,67600000000000.0,1730000000000.0
0xa0feb3725a9335f49874d7cd8eaad6be45b27416,HYPE,21.111,28.76,607.15,BUY,18-01-2025 15:47,4778.67,Open Long,0.0,0x3355bdf3648041120577041bc0f90102025700aedf852ed50bb0b18c4af0dd81,63075971257,False,0.060715,222000000000000.0,1740000000000.0
0xa0feb3725a9335f49874d7cd8eaad6be45b27416,HYPE,19.667,24.69,485.58,BUY,18-01-2025 22:17,6615.05,Open Long,0.0,0x3beb36e7458cedf783f2041bc69c0501e60072f8cc833f5afa7833009a44f35d,64067282505,False,0.048557,423000000000000.0,1740000000000.0
0xa0feb3725a9335f49874d7cd8eaad6be45b27416,HYPE,22.184,9.96,220.95,BUY,27-01-2025 05:25,8575.83,Open Long,0.0,0x73d33d27cfc01711a0f6041c95437502015900df25aba70f790181014b4576ff,66676603346,False,0.022095,811000000000000.0,1740000000000.0
0xa0feb3725a9335f49874d7cd8eaad6be45b27416,BTC,99470.0,0.011,1094.17,BUY,04-02-2025 18:32,1.6286,Open Long,0.0,0x9af09ed994c2ad3de990041d1f6c5602046f002a4a8b8a9cadd8a99845a1119a,69432042648,False,0.109417,524000000000000.0,1740000000000.0
0xa0feb3725a9335f49874d7cd8eaad6be45b27416,BTC,99011.0,0.0102,1009.91,SELL,05-02-2025 1:23,4.93351,Close Long,-17.29512,0xafaf7908483cc69fc03d041d2410cc02011900b07f78033399fa70ad8f12de98,69564759626,False,0.100991,1090000000000000.0,1740000000000.0
0xa0feb3725a9335f49874d7cd8eaad6be45b27416,BTC,99011.0,0.2352,23287.39,SELL,05-02-2025 1:23,4.42542,Close Long,-398.80512,0xa995cf4a968b3e6069cb041d2410eb0202370032495a3a19bb20cbb5f4564cce,69564759626,False,2.328738,902000000000000.0,1740000000000.0
0xa0feb3725a9335f49874d7cd8eaad6be45b27416,VINE,0.15335,3219.0,493.63,BUY,05-02-2025 10:36,1054.0,Open Long,0.0,0xcbee9aad05712e4d2365041d2a41df020136003bdc78ccfab98f7ec47629e4e3,69718636743,True,0.172771,87300000000000.0,1740000000000.0
0xa0feb3725a9335f49874d7cd8eaad6be45b27416,VINE,0.14787,7337.0,1084.92,SELL,06-02-2025 10:08,46760.0,Close Long,4.387526,0x0ad16300e9e29ea965c7041d3a0fdc016400fc72ccd71f29832c7adec5594d57,70034817301,True,0.379722,588000000000000.0,1740000000000.0
0xa0feb3725a9335f49874d7cd8eaad6be45b27416,HYPE,24.051,22.95,551.97,BUY,07-02-2025 3:43,289.9,Open Long,0.0,0xb0c90eb7e575f29a81a5041d45f8dd020311003210b141ffd96be819e154fff5,70277927474,False,0.055197,345000000000000.0,1740000000000.0
0xa0feb3725a9335f49874d7cd8eaad6be45b27416,ONDO,1.411,312.0,440.23,SELL,07-02-2025 16:00,1992.0,Close Long,11.925576,0x38f0741f57b9d5ac6308041d4e3e9c02018b0012c0036ad6761fa0efb963b90a,70354911330,True,0.154081,637000000000000.0,1740000000000.0
0xa0feb3725a9335f49874d7cd8eaad6be45b27416,BTC,98582.0,0.06012,5926.75,BUY,07-02-2025 20:35,0.33341,Open Long,0.0,0x8d78ea991b6d36e218ea041d51584a02026b00319336705203fdfea292cbe994,70470306939,False,0.592674,564000000000000.0,1740000000000.0
0xa0feb3725a9335f49874d7cd8eaad6be45b27416,BTC,98352.0,0.0695,6835.46,BUY,07-02-2025 20:42,0.4718,Open Long,0.0,0x9748c00ce8f6cf90544d041d516d06020563008f707a257ca0730d4fa1505c5c,70470306942,False,0.683546,820000000000000.0,1740000000000.0
0xa0feb3725a9335f49874d7cd8eaad6be45b27416,ONDO,1.4337,14.0,20.07,SELL,07-02-2025 21:20,8237.0,Close Long,0.023338,0xf34cce97a0efe0a998a1041d51db85019600c2f1dd660faf415b1c136215c63e,70498534189,False,0.002007,740000000000000.0,1740000000000.0
0xa0feb3725a9335f49874d7cd8eaad6be45b27416,ONDO,1.4063,498.0,700.34,BUY,07-02-2025 21:33,1977.0,Open Long,0.0,0x64c8d04c7b89f597cbff041d51ffe40202ee00f32b261e6cc284fa3ed3cf1a36,70500942161,False,0.070033,459000000000000.0,1740000000000.0
0xa0feb3725a9335f49874d7cd8eaad6be45b27416,BTC,98206.0,0.00015,14.73,SELL,07-02-2025 22:11,0.10335,Close Long,0.027525,0x379691cd5e0a5edeae5a041d526cf101c100d62b9fc01190ca3a1984356a90c1,70514844748,False,0.001473,760000000000000.0,1740000000000.0
0xa0feb3725a9335f49874d7cd8eaad6be45b27416,ONDO,1.4266,360.0,513.58,SELL,07-02-2025 22:11,952.0,Close Long,4.21452,0xd6b46bb0049b009f51a1041d526f0201cc005728625c63efb4496577b772340b,70515044527,False,0.051357,616000000000000.0,1740000000000.0
0xa0feb3725a9335f49874d7cd8eaad6be45b27416,BTC,97587.0,0.011,1073.46,BUY,08-02-2025 0:31,0.26797,Open Long,0.0,0x56b546576903ecf45076041d54077702074a00d66c195bbc703f139d565ff984,70539340435,False,0.107345,983000000000000.0,1740000000000.0
0xa0feb3725a9335f49874d7cd8eaad6be45b27416,ONDO,1.3589,322.0,437.57,BUY,08-02-2025 10:24,823.0,Open Long,0.0,0xc60863f6a0e53c90c55a041d5ab55001db00e797be0e6060f12e222f7cd087c2,70607045007,False,0.043756,182000000000000.0,1740000000000.0
0xa0feb3725a9335f49874d7cd8eaad6be45b27416,BTC,97749.0,0.013,1270.74,SELL,10-02-2025 19:15,0.79474,Close Long,8.2485,0x427476821c8326ea9aa8041d80e2f60201f4004abed8c17d08548170522a54a2,71232689525,False,0.063536,1030000000000000.0,1740000000000.0
0xa0feb3725a9335f49874d7cd8eaad6be45b27416,BTC,96821.0,0.00643,622.56,BUY,11-02-2025 19:25,0.43138,Open Long,0.0,0xbfd62d25e0b12bec3d83041d90f45e02061b00dbc01edcaa2d22de06244a8cbe,71351475168,False,0.031127,27400000000000.0,1740000000000.0
0xa0feb3725a9335f49874d7cd8eaad6be45b27416,BTC,95614.0,0.00502,479.98,BUY,13-02-2025 20:07,0.48671,Open Long,0.0,0xe835534061668d6c493a041dafb10d020190006290323152d3f30d497d73483e,72028900827,False,0.023999,292000000000000.0,1740000000000.0
0xa0feb3725a9335f49874d7cd8eaad6be45b27416,HYPE,27.235,10.93,297.68,BUY,15-02-2025 00:57,62.28,Open Long,0.0,0x08f50686908b0a0e484a041dc3223301ab001bc1db38e994cede3017c227f510,72350298330,False,0.014883,308000000000000.0,1740000000000.0
0xa0feb3725a9335f49874d7cd8eaad6be45b27416,HYPE,27.199,22.92,623.4,SELL,15-02-2025 01:31,712.93,Close Long,2.752692,0xc547db684b59422d8cd4041dc383550201760066414765d253470fb332c0eaad,72357727969,True,0.18702,744000000000000.0,1740000000000.0
0xa0feb3725a9335f49874d7cd8eaad6be45b27416,HYPE,27.219,0.68,18.51,SELL,15-02-2025 01:40,-30.34,Open Short,0.0,0x267127c5066203ec9769041dc39c2a0203c7002ff4058057c257145fd089ef95,72358157266,False,0.000925,692000000000000.0,1740000000000.0
0xa0feb3725a9335f49874d7cd8eaad6be45b27416,HYPE,26.529,251.06,6660.37,BUY,15-02-2025 09:44,-260.05,Close Short,63.693922,0x7616c7a91b817235b698041dc90082019900dd97660a481ef978a399cc75301e,72438039481,False,0.333018,760000000000000.0,1740000000000.0
0xa0feb3725a9335f49874d7cd8eaad6be45b27416,HYPE,25.957,15.25,395.84,BUY,16-02-2025 07:02,96.52,Open Long,0.0,0xf692ba96977c917465db041dd70d3e02015800bf1ff36091c99697ae4cead549,72600957638,True,0.118753,31700000000000.0,1740000000000.0
0xa0feb3725a9335f49874d7cd8eaad6be45b27416,HYPE,26.147,11.28,294.94,BUY,17-02-2025 00:24,403.96,Open Long,0.0,0x677d45a6c8125f761b06041de27bef01ac00a6d0612b0230f341168218efe9fc,72720364262,False,0.014746,42100000000000.0,1740000000000.0
0xa0feb3725a9335f49874d7cd8eaad6be45b27416,BTC,95878.0,0.0166,1591.57,BUY,18-02-2025 10:46,0.24045,Open Long,0.0,0x33bbe1466ebc5fd491ac041df9a69a0201a8006351ea6e50fe640856e638b023,73049116200,False,0.079578,1110000000000000.0,1740000000000.0
0xa0feb3725a9335f49874d7cd8eaad6be45b27416,HYPE,24.575,67.29,1653.65,SELL,18-02-2025 19:09,200.28,Close Long,42.897375,0x8936b04b1b2386b4c0a6041dff605b0203a300af3ab4b3fadd711fdc0e34be9c,73160482462,False,0.082682,868000000000000.0,1740000000000.0
0xa0feb3725a9335f49874d7cd8eaad6be45b27416,HYPE,24.029,20.61,495.24,BUY,19-02-2025 09:41,885.95,Open Long,0.0,0x1144e618785d8d672f7e041e0952cc02020e00ec785852b1d7adc4c5ebd4be06,73326698178,False,0.024761,81200000000000.0,1740000000000.0
0xa0feb3725a9335f49874d7cd8eaad6be45b27416,HYPE,24.365,83.15,2025.95,SELL,20-02-2025 02:04,145.61,Close Long,9.304485,0x90b2a91b3c913dc1e8a4041e14881202047c0047a3483eab0e1314add93ce1d8,73489650762,True,0.607784,1120000000000000.0,1740000000000.0
0xa0feb3725a9335f49874d7cd8eaad6be45b27416,BTC,96249.0,0.0017,163.62,BUY,20-02-2025 03:25,0.33277,Open Long,0.0,0x2d7c08ece6d63e2c4588041e15731002010f00841603478f58f29f303ec80408,73498987459,False,0.008181,110000000000000.0,1740000000000.0
0xa0feb3725a9335f49874d7cd8eaad6be45b27416,HYPE,24.142,0.54,13.04,SELL,20-02-2025 03:41,1406.05,Close Long,0.116964,0x18270cace48c48c55cd7041e15a1c00201850022ee7894173cd94e577909c017,73498604619,False,0.000651,1020000000000000.0,1740000000000.0
0xa0feb3725a9335f49874d7cd8eaad6be45b27416,HYPE,24.352,2.9,70.62,SELL,20-02-2025 06:12,1973.26,Close Long,0.50605,0xfa5553e79649cb929e6a041e1750c101a80057203d3294b30b05f5338fbeb368,73524846595,False,0.003531,188000000000000.0,1740000000000.0
0xa0feb3725a9335f49874d7cd8eaad6be45b27416,HYPE,24.179,37.96,917.83,BUY,20-02-2025 21:28,723.47,Open Long,0.0,0xab8d26b6ce056fab7477041e2198fd00002d3a9cf7558e6c4cc308a6737338cc,73604516155,False,0.045891,78100000000000.0,1740000000000.0
0xa0feb3725a9335f49874d7cd8eaad6be45b27416,BTC,97552.0,0.00832,811.63,BUY,20-02-2025 22:27,0.14636,Open Long,0.0,0x5aaab9a99d8bd7c06f11041e2246810201ab0096716ae5badbe1c0c95832bc97,73672688867,False,0.040581,817000000000000.0,1740000000000.0
0xa0feb3725a9335f49874d7cd8eaad6be45b27416,BERA,7.9596,238.3,1896.77,BUY,21-02-2025 00:39,776.2,Open Long,0.0,0xc12cb4e587bef9d35ccd041e23ca8402012800e2339677629eba2cb8b98752f4,73696073370,False,0.094838,747000000000000.0,1740000000000.0
0xa0feb3725a9335f49874d7cd8eaad6be45b27416,BERA,8.0317,183.0,1469.8,SELL,21-02-2025 00:53,1835.3,Close Long,15.19632,0xa40568a84e1b91140e76041e23f25a020205002050eca7eb706aa7e1a5e5262e,73698601028,False,0.07349,218000000000000.0,1740000000000.0
0xa0feb3725a9335f49874d7cd8eaad6be45b27416,BTC,97778.0,0.0079,772.45,BUY,21-02-2025 20:55,0.61033,Open Long,0.0,0x2c5d3dca0f8ac405682c041e3181aa0202f9000f0beff3a07f6ceb7241eaec47,73769695197,False,0.038622,773000000000000.0,1740000000000.0
0xa0feb3725a9335f49874d7cd8eaad6be45b27416,BTC,97198.0,0.01115,1083.76,BUY,21-02-2025 23:07,1.31977,Open Long,0.0,0x8e640287eb5362f61824041e3306cc00003b52f7ada86ac61efccf3856a3e97f,73910451056,False,0.054187,594000000000000.0,1740000000000.0
0xa0feb3725a9335f49874d7cd8eaad6be45b27416,ONDO,1.1348,299.0,339.31,BUY,22-02-2025 00:45,22468.0,Open Long,0.0,0xcad9b3a467d089d9d165041e34268e02015f00b62e0f10e5b6dfa8a457540f7c,73909570754,False,0.016965,371000000000000.0,1740000000000.0
0xa0feb3725a9335f49874d7cd8eaad6be45b27416,TAO,439.62,0.716,314.77,BUY,23-02-2025 00:44,61.425,Open Long,0.0,0x186e8c6adef7b772ad09041e442ed4017900d0d7fcd3c04cd1f113e90560d2a3,74145612459,False,0.015738,726000000000000.0,1740000000000.0
0xa0feb3725a9335f49874d7cd8eaad6be45b27416,IP,4.57,2.8,12.8,BUY,25-02-2025 00:08,1772.4,Open Long,0.0,0x71986d74367dd0042dad041e64360901c800f8b9929f895942ff8bbc62e33790,74518104387,False,0.000639,317000000000000.0,1740000000000.0
0xa0feb3725a9335f49874d7cd8eaad6be45b27416,HYPE,21.053,20.91,440.22,BUY,25-02-2025 00:47,2682.33,Open Long,0.0,0x0000000000000000000000000000000000000000000000000000000000000000,74502381402,False,0.02201,260000000000000.0,1740000000000.0
0xa0feb3725a9335f49874d7cd8eaad6be45b27416,IP,4.5586,47.3,215.62,BUY,25-02-2025 04:28,3444.8,Open Long,0.0,0x98f1bf87497a79b5b6c1041e672f3d02019a00bfafa6c1101cf1ac2572628451,74580134674,False,0.010781,126000000000000.0,1740000000000.0
0xa0feb3725a9335f49874d7cd8eaad6be45b27416,HYPE,18.12,11.2,202.94,BUY,03-03-2025 23:53,6516.04,Open Long,0.0,0xc8a23c08e1ba2146c170041ed7eb89010600bdaf160404e5693775825a1ee278,76729202571,False,0.010147,848000000000000.0,1740000000000.0
0xa0feb3725a9335f49874d7cd8eaad6be45b27416,IP,4.15,210.6,873.99,SELL,15-04-2025 21:41,0.0,Open Short,0.0,0x2488a0f735ded704a93804219a1d010201560094918c5dfaf092454fa162cea7,86760797600,False,0.087399,93000000000000.0,1740000000000.0
0xa0feb3725a9335f49874d7cd8eaad6be45b27416,IP,4.0922,7.9,32.33,SELL,16-04-2025 06:50,-352.1,Open Short,0.0,0x7ef2038f050608f1e7c20421a0491202016b00ed03262280d8da6ae8ebf9bac1,86839468217,False,0.003232,102000000000000.0,1740000000000.0
0xa0feb3725a9335f49874d7cd8eaad6be45b27416,@107,18.54,1.0,18.54,BUY,23-04-2025 19:23,5888.936021,Buy,0.0,0x296c86ad1d05eed34b430422197a7b0201a5004b8fea6f45b8ab0143cb2cfbe1,88163006227,False,0.0001,396000000000000.0,1750000000000.0
0xa0feb3725a9335f49874d7cd8eaad6be45b27416,@142,93538.0,0.02051,1918.46,BUY,24-04-2025 05:39,0.165323468,Buy,0.0,0x6c82152c7e84faeb52ad0422206ed202013e003ddfaa807a317d68d0f04d6e6a,88434032367,False,2.05e-06,206000000000000.0,1750000000000.0
0xa0feb3725a9335f49874d7cd8eaad6be45b27416,@142,92190.0,0.00752,693.27,BUY,24-04-2025 13:17,1.149225079,Buy,0.0,0xfc11b50b1b83994bee06042225a5eb0204470009a0c9066b1d872c5ef25a084b,88483226018,False,7.52e-07,899000000000000.0,1750000000000.0
0xa0feb3725a9335f49874d7cd8eaad6be45b27416,@142,93049.0,0.00052,48.39,BUY,24-04-2025 22:45,1.984791519,Buy,0.0,0x0fc80b51a1ff77c25c2104222c148b02059b00b6c33ea5777d343d0c46d5f302,88627697793,False,5.19e-08,168000000000000.0,1750000000000.0
0xa0feb3725a9335f49874d7cd8eaad6be45b27416,@107,18.551,13.88,257.49,BUY,25-04-2025 08:30,6357.439167,Buy,0.0,0x5df6681d4b7c0e71f511042232b6400201d100f103461f30405b76c22e56eb3f,88730843587,False,0.00138795,136000000000000.0,1750000000000.0
0xa0feb3725a9335f49874d7cd8eaad6be45b27416,@142,92909.0,0.009,836.18,BUY,25-04-2025 08:31,2.599129885,Buy,0.0,0xc4e2fa3c15d6dbb25833042232b9180201ea00433637baf8963831da83891457,88724149676,False,9e-07,818000000000000.0,1750000000000.0
0xa0feb3725a9335f49874d7cd8eaad6be45b27416,@107,17.865,19.65,351.05,BUY,26-04-2025 15:15,7058.469058,Buy,0.0,0x17397af8a1ecad3bf8d70422477063020274009c54dcfef783bc5d6446fe831e,88730843629,False,0.00196495,669000000000000.0,1750000000000.0
0xa0feb3725a9335f49874d7cd8eaad6be45b27416,@107,18.788,206.88,3886.86,SELL,29-04-2025 07:19,4903.070394,Sell,12.04477,0xc59d9d61d08e22872a33042272b8ee02010f009f4190ee2b9f6c0c4dbe8cd948,89662419950,False,0.388686,920000000000000.0,1750000000000.0
0xa0feb3725a9335f49874d7cd8eaad6be45b27416,@142,93951.0,0.00691,649.2,BUY,30-04-2025 04:36,0.765118382,Buy,0.0,0x5df072d170bd0725637f042281264b02011c00b9f102d601c295e8422697cd43,89844062310,False,6.91e-07,803000000000000.0,1750000000000.0
0xa0feb3725a9335f49874d7cd8eaad6be45b27416,@142,93664.0,0.00044,41.21,BUY,30-04-2025 19:16,1.098433857,Buy,0.0,0x85d2f64bb3858106c0e304228af55402023c00ce44964c19ee2bdd49ba8b3bf5,89844065505,False,4.39e-08,1010000000000000.0,1750000000000.0
0x8477e447846c758f5a675856001ea72298fd9cb5,ORDI,56.865,9.75,554.43,BUY,05-06-2024 6:20,-57.95,Close Short,3.23115,0x97bd5de593e082405089040ab401d3011d009e6300c3ad0265051c2f68992483,24998526508,True,0.194051,1050000000000000.0,1720000000000.0
0x8477e447846c758f5a675856001ea72298fd9cb5,GMX,45.3,2.45,110.98,BUY,06-06-2024 21:31,-50.6,Close Short,0.45129,0x3002326cc54e499e6fea040ad49ace0136006daea3802c08df693ecfefd1b9df,25163136762,False,0.011098,675000000000000.0,1720000000000.0
0x8477e447846c758f5a675856001ea72298fd9cb5,WLD,4.3921,4.0,17.57,SELL,10-06-2024 21:10,-1140.4,Open Short,0.0,0xf93c774d772b2e0620c0040b23f5ee0172005f77aa76496ee03382eac834dc82,25553362653,True,0.006148,446000000000000.0,1720000000000.0
0x8477e447846c758f5a675856001ea72298fd9cb5,IO,4.21,10.1,42.52,SELL,12-06-2024 16:37,-2696.4,Open Short,0.0,0x36b47e52f8423c3fea7e040b480e83011700d8c62c0576886ce68f3f63135d0c,25791403011,False,0.004252,522000000000000.0,1720000000000.0
0x8477e447846c758f5a675856001ea72298fd9cb5,WLD,3.0829,810.3,2498.07,BUY,17-07-2024 16:46,-19386.2,Close Short,52.077981,0x729fc5f54e9b92350806040da0af5b0155002a86baa2d1b6743c6972b7f81d24,30146006033,True,0.874325,211000000000000.0,1720000000000.0
0x8477e447846c758f5a675856001ea72298fd9cb5,WLD,3.0822,649.4,2001.58,BUY,17-07-2024 16:47,-15169.4,Close Short,42.191518,0xfe4d29cd4d3ffed68f31040da0b092018200dfcc91c5aa32bfbab43681241674,30146070555,True,0.700553,1100000000000000.0,1720000000000.0
0x8477e447846c758f5a675856001ea72298fd9cb5,ZRO,4.7992,113.7,545.67,SELL,20-07-2024 21:17,-4987.6,Open Short,0.0,0xe0d51ab8d13c5c13fa23040dcf7cd5013e00487f0def02831c4c9d8f80f6913d,30531119534,True,0.190984,33300000000000.0,1720000000000.0
0x8477e447846c758f5a675856001ea72298fd9cb5,ZRO,5.2339,105.9,554.27,SELL,21-07-2024 14:17,-22558.6,Open Short,0.0,0xdcf867bad1687501af77040dd9e2f001360010aef3800058ee3d12919601a7fc,30591730357,True,0.193994,1030000000000000.0,1720000000000.0
0x8477e447846c758f5a675856001ea72298fd9cb5,ZRO,5.05,109.9,555.0,BUY,22-07-2024 07:53,-20959.0,Close Short,-5.093865,0x9ea606664774176fe593040de4abbf0000b85d0beedb259d273443a816c19819,30645929212,False,0.055499,288000000000000.0,1720000000000.0
0x8477e447846c758f5a675856001ea72298fd9cb5,TNSR,0.53057,814.7,432.26,SELL,31-07-2024 18:53,-16066.7,Open Short,0.0,0x1c2502932d292633f766040e7065c801aa00ef679dde59f8f0eb3db358434f61,31763701593,True,0.151289,329000000000000.0,1720000000000.0
0x8477e447846c758f5a675856001ea72298fd9cb5,BTC,50781.0,0.04377,2222.68,BUY,05-08-2024 11:49,0.08677,Open Long,0.0,0xeb4b909b7dc42dea6c8e040eb61e9902024500f2cbfee57d816ea59d93b28007,32599437941,True,0.777939,785000000000000.0,1720000000000.0
0x8477e447846c758f5a675856001ea72298fd9cb5,AAVE,139.15,3.9,542.69,BUY,21-08-2024 13:20,-132.01,Close Short,3.01704,0xc31d9d740a9e5121344b040fe8f8d8014200c40d542dbeb896093dff6f8561f7,34939834239,True,0.189939,986000000000000.0,1720000000000.0
0x8477e447846c758f5a675856001ea72298fd9cb5,APE,1.3971,941.3,1315.09,BUY,21-10-2024 03:07,-7006.4,Close Short,108.767215,0x31d742b097678aca0d670414c58ba6015d0054aa8f02e1924a1e466b77fae6a9,42677776520,True,0.460281,431000000000000.0,1730000000000.0
0x8477e447846c758f5a675856001ea72298fd9cb5,APE,1.719,842.7,1448.6,SELL,21-10-2024 16:45,-31917.7,Open Short,0.0,0x3c50291decf2116f9fa40414d17314018b00e1b28bf43c7dfa89f20de63c4d22,42754011973,True,0.50701,111000000000000.0,1730000000000.0
0x8477e447846c758f5a675856001ea72298fd9cb5,ETH,3206.4,0.6237,1999.83,SELL,11-11-2024 17:05,-3.2845,Open Short,0.0,0xa450f5ea15e3dacbdc1e041687ef2a02011800f35bc58e0a82d2db70561c0c39,46096405173,True,0.699941,970000000000000.0,1730000000000.0
0x8477e447846c758f5a675856001ea72298fd9cb5,WLD,2.7018,17.0,45.93,BUY,12-11-2024 10:42,-7297.9,Close Short,0.41769,0x388c261593500ab3b55a04169735d202012d00518a3f1c42c57eb1f5798cd320,46351289063,True,0.016075,478000000000000.0,1730000000000.0
0x8477e447846c758f5a675856001ea72298fd9cb5,ETH,3337.8,0.1498,500.0,BUY,12-11-2024 11:04,-1.6597,Close Short,1.3482,0xf78d39f1770194125e1404169788250201a400f6831a5ddb1cdbd0c01c11e644,46356617551,True,0.175,250000000000000.0,1730000000000.0
0x8477e447846c758f5a675856001ea72298fd9cb5,TNSR,0.66277,392.1,259.87,SELL,16-11-2024 14:24,-13505.5,Open Short,0.0,0xbbdc6e08712b20ae38890416ee321a017200fff0853962eae818647518aa9897,47724620837,True,0.090955,667000000000000.0,1730000000000.0
0x8477e447846c758f5a675856001ea72298fd9cb5,ETH,3312.8,0.6708,2222.23,SELL,21-11-2024 21:54,-3.3897,Open Short,0.0,0x051ea5fdb88692da549004175cadf001e600581728024896aa745a1982c3d6ad,49059714052,True,0.777779,1030000000000000.0,1730000000000.0
0x8477e447846c758f5a675856001ea72298fd9cb5,TNSR,0.60925,1820.9,1109.38,SELL,24-11-2024 10:52,-3646.0,Open Short,0.0,0x2d8a1fcd404f14a5cff2041791c050019f00dc0edd43deaa4ec1d9e660a8490d,49728007057,True,0.388284,955000000000000.0,1730000000000.0
0x8477e447846c758f5a675856001ea72298fd9cb5,APE,1.5145,199.0,301.39,SELL,01-12-2024 1:52,-2414.6,Open Short,0.0,0xc105154d56f3e51a732104181a4101017f00e521cfaa1e73421599c4d429f24f,51542475066,True,0.105484,1050000000000000.0,1730000000000.0
0x8477e447846c758f5a675856001ea72298fd9cb5,APE,1.5117,367.0,554.79,SELL,01-12-2024 1:53,-3347.5,Open Short,0.0,0xc422c1b6ae3de86ef26c04181a4264014100ebf7f9c87472c295ed38288e6a31,51542511676,True,0.194177,248000000000000.0,1730000000000.0
0x8477e447846c758f5a675856001ea72298fd9cb5,APE,1.4732,754.1,1110.94,BUY,01-12-2024 6:11,-4852.6,Close Short,34.243681,0x887f60dc075bc2850acf04181dff8d02013600a4b1f7cf9f1ea533eb2a4b28d8,51574545650,True,0.388829,771000000000000.0,1730000000000.0
0x8477e447846c758f5a675856001ea72298fd9cb5,HYPE,23.27,19.08,443.99,SELL,03-01-2025 15:14,115.76,Close Long,11.049228,0xfa05bd6e8e11fa051cf8041a8b64a5020121007c02ea65c0e09fce62bb8ad94b,60388312146,True,0.155397,164000000000000.0,1740000000000.0
0x8477e447846c758f5a675856001ea72298fd9cb5,PENGU,0.0442,2511.0,110.99,SELL,06-01-2025 16:10,-263957.0,Open Short,0.0,0xf089ce25e1a4bc0cab13041aca9c1401f00096c22936d4442893bb75c761cbcc,60806885997,False,0.011098,809000000000000.0,1740000000000.0
0x8477e447846c758f5a675856001ea72298fd9cb5,BRETT,0.12279,1762.0,216.36,BUY,08-01-2025 22:38,-1762.0,Close Short,5.6384,0x3d96dac319f502098065041af9c74d0203df004869f6bc47bb422bb108c65652,61511307140,True,0.075724,409000000000000.0,1740000000000.0
0x8477e447846c758f5a675856001ea72298fd9cb5,BTC,93455.0,0.00724,676.61,BUY,08-01-2025 22:55,0.04004,Open Long,0.0,0x0512e18de15fb90f22b1041afa06ec0202b900f39084a3b69bf302ccf8ba53cd,61519891903,True,0.236814,438000000000000.0,1740000000000.0
0x8477e447846c758f5a675856001ea72298fd9cb5,HYPE,18.943,0.06,1.14,BUY,10-01-2025 1:49,306.79,Open Long,0.0,0x0c2d788c479079312362041b114c1f02012500a766b9f534b4c210a0667450bc,61869859633,True,0.000397,8180000000000.0,1740000000000.0
0x8477e447846c758f5a675856001ea72298fd9cb5,HYPE,18.955,1.06,20.09,BUY,10-01-2025 1:49,347.7,Open Long,0.0,0x8983cd55e2721c5e6512041b114d760202b40077564ff2f94932b8076d8f0e86,61869982477,True,0.007032,1090000000000000.0,1740000000000.0
0x8477e447846c758f5a675856001ea72298fd9cb5,FARTCOIN,0.86192,548.2,472.5,SELL,10-01-2025 5:21,1332.2,Close Long,-12.093292,0xa823cb2b7f1f6d879e65041b145af90201a1001e2bc509c3e556a687951bc870,61912735235,True,0.165376,418000000000000.0,1740000000000.0
0x8477e447846c758f5a675856001ea72298fd9cb5,HYPE,21.799,8.24,179.62,SELL,10-01-2025 13:31,8.24,Close Long,12.608848,0xe98a6410eedd1e80c843041b1b6cb002014700114b34abb575f090e6da954c33,61999598638,True,0.062868,384000000000000.0,1740000000000.0
0x8477e447846c758f5a675856001ea72298fd9cb5,BTC,95015.0,0.00526,499.78,SELL,11-01-2025 1:49,-0.01584,Open Short,0.0,0x0412d7a40f7d8e19a176041b26087801c100eaf8ecfe9135e5561b3970b30426,62170298408,True,0.174922,899000000000000.0,1740000000000.0
0x8477e447846c758f5a675856001ea72298fd9cb5,AIXBT,0.6697,3.0,2.01,SELL,15-01-2025 17:55,-743.0,Open Short,0.0,0x3d742b87e913f4066bf0041b846d0f01c2004dc3b485462b05448c513c5f58ae,63179588518,True,0.000703,392000000000000.0,1740000000000.0
0x8477e447846c758f5a675856001ea72298fd9cb5,ANIME,0.11452,2619.0,299.93,SELL,21-01-2025 22:13,-3335.0,Open Short,0.0,0x3aa43f633cf7e54b6dda041c0aea140201580078d48be37e3a7a45b0738f0a2b,65365910731,True,0.104974,100000000000000.0,1740000000000.0
0x8477e447846c758f5a675856001ea72298fd9cb5,ANIME,0.12542,278.0,34.87,BUY,21-01-2025 23:58,-34429.0,Close Short,0.519026,0x813a2e3d45f7510db2aa041c0ce59201bd00f72c503b5d1feb3ac3cb5fd56315,65391595105,True,0.012203,207000000000000.0,1740000000000.0
0x8477e447846c758f5a675856001ea72298fd9cb5,PENGU,0.024146,22997.0,555.29,SELL,24-01-2025 10:42,0.0,Open Short,0.0,0xb8c520eca23f1beff479041c4f610e01ee00bfb496f5d851834ce8d25a3b31da,66137897950,True,0.194349,101000000000000.0,1740000000000.0
0x8477e447846c758f5a675856001ea72298fd9cb5,JUP,0.96834,12.0,11.62,SELL,25-01-2025 21:23,-17198.0,Open Short,0.0,0xff0b538a5df691944aba041c76a33701d600464cef1471b57263c5a545b81465,66487965982,True,0.004067,665000000000000.0,1740000000000.0
0x8477e447846c758f5a675856001ea72298fd9cb5,LDO,2.3259,493.8,1148.53,BUY,01-02-2025 4:45,-493.8,Close Short,-38.511462,0x2632e6fbe8e05e173714041ce5d10401b6009b4f41d006e2f59b336be2603c03,68105689383,True,0.401985,808000000000000.0,1740000000000.0
0x8477e447846c758f5a675856001ea72298fd9cb5,OP,1.1276,861.7,971.65,BUY,24-02-2025 11:33,-1923.7,Close Short,23.43824,0x533a3b2978d8d76bf7dc041e5b960802013400eb43f3fc3888957f3e0b685fb9,74393274226,True,0.340078,1020000000000000.0,1740000000000.0
0x8477e447846c758f5a675856001ea72298fd9cb5,SOL,141.83,7.05,999.9,SELL,24-03-2025 16:40,-35.33,Open Short,0.0,0x7c73763a31967ea3fca904202c7539014c005723d8234ab846e901669b9e353a,81522146045,True,0.349965,736000000000000.0,1740000000000.0
0x8477e447846c758f5a675856001ea72298fd9cb5,FARTCOIN,0.42985,350.4,150.62,BUY,04-04-2025 17:02,-350.4,Close Short,13.535952,0x9debd7bd20c329e7e2610420e2d1fc02018200d39aee04639a8e77ef3dca1094,83883076916,True,0.052716,312000000000000.0,1740000000000.0
0x8477e447846c758f5a675856001ea72298fd9cb5,ZEREBRO,0.022003,16793.0,369.5,SELL,10-04-2025 13:20,0.0,Open Short,0.0,0x1df38851430ce30a6f4a042142dd2d020153007084b49213abff842be08637a7,85524518667,True,0.129323,347000000000000.0,1740000000000.0
0x8477e447846c758f5a675856001ea72298fd9cb5,HYPE,18.379,5.98,109.91,SELL,21-04-2025 14:05,-265.4,Open Short,0.0,0xcaf5d2a8222b0937421d0421f54d6101f700594717e0a1a3e76365e3ca31b37d,87756400015,True,0.038467,76700000000000.0,1750000000000.0
0x8477e447846c758f5a675856001ea72298fd9cb5,POPCAT,0.30401,1464.0,445.07,SELL,22-04-2025 15:45,-139243.0,Open Short,0.0,0x0d96325ebfe732ea761f04220699f802017900f073b7af4e20e53d08b91b6291,87982861039,True,0.155774,805000000000000.0,1750000000000.0
0x8477e447846c758f5a675856001ea72298fd9cb5,ZEREBRO,0.027346,29410.0,804.25,BUY,22-04-2025 15:46,-72446.0,Close Short,5.05852,0xdd3f101d23b6933fd8b80422069d40020101002e83026adf84f295e349303d49,87982976111,True,0.281486,448000000000000.0,1750000000000.0
0x8477e447846c758f5a675856001ea72298fd9cb5,POPCAT,0.31152,1605.0,499.99,SELL,22-04-2025 16:42,-219323.0,Open Short,0.0,0xbce77d2e52831bc613360422073c2502016000e977e13994c056ce82c591010e,87989950833,True,0.174996,256000000000000.0,1750000000000.0
0x8477e447846c758f5a675856001ea72298fd9cb5,HYPE,18.684,14.41,269.24,SELL,22-04-2025 19:08,-240.17,Open Short,0.0,0x9f7d2ff55f297afcd314042208e46a0201e000d9af18e53cba79458d2e31d471,88015762472,True,0.094232,654000000000000.0,1750000000000.0
0x8477e447846c758f5a675856001ea72298fd9cb5,kBONK,0.0146,19238.0,280.87,BUY,23-04-2025 02:17,-7966993.0,Close Short,-7.79139,0xbc6477b655626d09b73d04220dc65e018800c623d15a59c9b292dbf3cdbeeae0,88099813965,False,0.028087,670000000000000.0,1750000000000.0
0x8477e447846c758f5a675856001ea72298fd9cb5,kBONK,0.015065,36840.0,554.99,BUY,23-04-2025 04:00,-8908444.0,Close Short,-27.15108,0x3eb854a50cb58cbf63fa04220eefbd0201b100d65f82263b67cf26edc4a8801a,88122493743,False,0.055499,455000000000000.0,1750000000000.0
0x8477e447846c758f5a675856001ea72298fd9cb5,kBONK,0.014905,37235.0,554.99,BUY,23-04-2025 04:48,-5013992.0,Close Short,-21.484595,0x5633644afc290285fc6104220f7ab002022e00823df13d56284eae43d7d1b19b,88127257604,False,0.055498,374000000000000.0,1750000000000.0
0x8477e447846c758f5a675856001ea72298fd9cb5,kBONK,0.01521,36489.0,555.0,BUY,23-04-2025 05:13,-6504888.0,Close Short,-22.732647,0xb83fc9f74248536ab5ef04220fc44d01e900ded3ffd74c46adf5b2ab4e0997fd,88139267444,False,0.055499,1040000000000000.0,1750000000000.0
0x8477e447846c758f5a675856001ea72298fd9cb5,POPCAT,0.345,195.0,67.27,BUY,23-04-2025 05:39,-178301.0,Close Short,-5.478135,0xb8d57adf9bb9d0b459d60422100fbf0202d700eb545fcd6d1768868625b49d97,88145154812,False,0.006727,303000000000000.0,1750000000000.0
0x8477e447846c758f5a675856001ea72298fd9cb5,POPCAT,0.34837,2833.0,986.93,SELL,23-04-2025 06:00,-173311.0,Open Short,0.0,0x8d78b8061811e85fa8f10422104cc9020247000d1b31dfc8fcee3467ee3f430a,88150951658,True,0.345426,733000000000000.0,1750000000000.0
0x8477e447846c758f5a675856001ea72298fd9cb5,kPEPE,0.009012,2196.0,19.79,SELL,23-04-2025 06:03,-10892948.0,Open Short,0.0,0x12810508f7abfee31f79042210564102023100f02605d6907cc589440b683d38,88151780029,True,0.006926,368000000000000.0,1750000000000.0
0x8477e447846c758f5a675856001ea72298fd9cb5,POPCAT,0.3425,1620.0,554.85,BUY,23-04-2025 06:03,-157381.0,Close Short,-40.06908,0x5fa172003118aaf6021d04221056ea02013500edba9da644fed656e1f0be043f,88145189636,False,0.055485,411000000000000.0,1750000000000.0
0x8477e447846c758f5a675856001ea72298fd9cb5,POPCAT,0.342,1622.0,554.72,BUY,23-04-2025 13:05,-125097.0,Close Short,-29.46363,0x6e3520d991a159eb11ae0422152ca402021c00f064bf5081be8c59bafd6dba51,88242564299,False,0.055472,517000000000000.0,1750000000000.0
0x8477e447846c758f5a675856001ea72298fd9cb5,kPEPE,0.0092,22326.0,205.4,BUY,23-04-2025 15:23,-9877348.0,Close Short,-14.17701,0x6ebc3f0fe18ac257e8aa042216bbc40201020089d4a70222af0bb1fd6127cc58,88265413199,False,0.020539,865000000000000.0,1750000000000.0
0x8477e447846c758f5a675856001ea72298fd9cb5,kPEPE,0.00916,60589.0,555.0,BUY,23-04-2025 15:28,-9673651.0,Close Short,-36.050455,0x7c69aae5676ca188fb20042216caff0201fe000cf76dafa2ac265d85f4062ebb,88260564098,False,0.055499,1080000000000000.0,1750000000000.0
0x8477e447846c758f5a675856001ea72298fd9cb5,POPCAT,0.383,485.0,185.75,BUY,23-04-2025 17:14,-134690.0,Close Short,-18.86941,0xec8dbae1a3de4e9266a904221801890000a5bc8578e053aa3aef81f890bf4213,88284349842,False,0.018575,624000000000000.0,1750000000000.0
0x8477e447846c758f5a675856001ea72298fd9cb5,WLD,0.867,640.1,554.97,BUY,23-04-2025 17:18,-40194.6,Close Short,-18.678118,0x05f3ac338b0f59f4b3760422180bd002011400af0c4eb83206737317ecd70efe,88284288416,False,0.055496,323000000000000.0,1750000000000.0
0x8477e447846c758f5a675856001ea72298fd9cb5,SAND,0.30895,1077.0,332.74,SELL,25-04-2025 13:39,-4445.0,Open Short,0.0,0xd334051d5ec4e775b437042235fc7702018300bcd59d017145a6d6172f4eb075,88781786013,True,0.116458,426000000000000.0,1750000000000.0
0x8477e447846c758f5a675856001ea72298fd9cb5,BTC,93930.0,0.02365,2221.44,BUY,28-04-2025 19:29,-1.33613,Close Short,-32.98229,0xccbaf834574a89d39ab204226aa5010201c200a015fd2b0db1df2a2b861e0f67,89540787303,True,0.777505,384000000000000.0,1750000000000.0
0x8170715b3b381dffb7062c0298972d4727a0a63b,MELANIA,1.5416,1344.9,2073.3,SELL,03-02-2025 5:02,-51106.3,Open Short,0.0,0x0f89a45b75e2a97fab70041d063e7e0201ff005b89c4c1e884add3d35bd39a56,68707861184,False,0.199035,134000000000000.0,1740000000000.0
0x8170715b3b381dffb7062c0298972d4727a0a63b,MELANIA,1.5156,68.7,104.12,SELL,09-02-2025 9:17,-87667.3,Open Short,0.0,0x08024d04476e9bec7576041d69fb8402012a009688e92c2e0dcc77c5f5d5800a,70868314222,False,0.009995,674000000000000.0,1740000000000.0
0x8170715b3b381dffb7062c0298972d4727a0a63b,ME,1.79,500.0,895.0,BUY,10-02-2025 0:36,-30574.2,Close Short,-32.79,0xdeffa68c3fb99e04ca6c041d7431b402011e007173e3f5423dd9672c74a31226,71000175725,False,0.08592,885000000000000.0,1740000000000.0
0x8170715b3b381dffb7062c0298972d4727a0a63b,HYPE,25.636,0.48,12.31,BUY,14-02-2025 01:36,1992.93,Open Long,0.0,0x0000000000000000000000000000000000000000000000000000000000000000,72100035020,False,0.00118,588000000000000.0,1740000000000.0
0x8170715b3b381dffb7062c0298972d4727a0a63b,MELANIA,1.4056,142.3,200.02,SELL,14-02-2025 05:59,-153549.4,Open Short,0.0,0x51913f005b3ec071b525041db65a3702012000d3a56be9b86542d9cffa098d48,72136451282,False,0.0192,171000000000000.0,1740000000000.0
0x8170715b3b381dffb7062c0298972d4727a0a63b,SOL,138.0,4.0,552.0,BUY,08-03-2025 4:43,1239.73,Open Long,0.0,0xaf754f38db8403411cb2041f1c95680204cc003eb9984093eaa156139cce352e,77812157704,False,0.052992,386000000000000.0,1740000000000.0
0x8170715b3b381dffb7062c0298972d4727a0a63b,MELANIA,0.7,512.4,358.68,BUY,22-03-2025 21:36,-776772.6,Close Short,113.901396,0x53d5561aa373436f71b004200f27bc02014101026c438b36202f3a79b477491d,81156335591,False,0.034433,1020000000000000.0,1740000000000.0
0x8170715b3b381dffb7062c0298972d4727a0a63b,BTC,82566.0,0.00018,14.86,BUY,29-03-2025 20:51,0.12444,Open Long,0.0,0x7b2fd27779941afb25810420821b200153000e97cd4e62c6af4662c42a399751,82526785086,False,0.001426,1070000000000000.0,1740000000000.0
0x8170715b3b381dffb7062c0298972d4727a0a63b,BTC,81666.0,0.00018,14.7,BUY,03-04-2025 19:43,4.1568,Open Long,0.0,0xbef2abfafb25a5a7f3950420d4116102050300f063543888eef230e57164865c,83656959892,False,0.00141,20400000000000.0,1740000000000.0
0x8170715b3b381dffb7062c0298972d4727a0a63b,MELANIA,0.58,434.0,251.72,SELL,04-04-2025 23:10,-685437.8,Open Short,0.0,0x3e9c5681bb166118a03e0420e70eb90205bf007b907fabb2d4e73a0a48204dab,83936259912,False,0.024165,165000000000000.0,1740000000000.0
0x8170715b3b381dffb7062c0298972d4727a0a63b,HYPE,12.75,78.44,1000.11,SELL,09-04-2025 20:25,317.22,Close Long,25.312588,0xe1a3640058a0df09e2250421373b3301920047f8a5316aa826b6ac88fe64ca1d,85330356075,False,0.09601,830000000000000.0,1740000000000.0
0x8170715b3b381dffb7062c0298972d4727a0a63b,BTC,79866.0,0.00019,15.17,SELL,11-04-2025 2:26,1.43474,Close Long,-0.065607,0x0b1aba19182d44614b5404214bdbb30201b2009eccc2ef1cee53ca9c061a043f,85686119757,False,0.001456,988000000000000.0,1740000000000.0
0x8170715b3b381dffb7062c0298972d4727a0a63b,TRUMP,7.93,144.3,1144.3,SELL,11-04-2025 5:38,-20850.5,Open Short,0.0,0xc36b04cdc5bfbb1be6dc04214e029402017900e739da86eb4105a5050e7107e4,85662181994,False,0.109851,851000000000000.0,1740000000000.0
0x8170715b3b381dffb7062c0298972d4727a0a63b,MELANIA,0.496,1378.0,683.49,SELL,11-04-2025 7:57,-1092985.5,Open Short,0.0,0x2a1c9b940d735475b03e04214f99ce02042f00d55749c0a077b7cf9f3092fd92,85661894891,False,0.065614,796000000000000.0,1740000000000.0
0x8170715b3b381dffb7062c0298972d4727a0a63b,MELANIA,0.496,3875.8,1922.4,SELL,11-04-2025 7:58,-1123724.0,Open Short,0.0,0x6e9472c3d18659d5b93304214f9a45020535005d0b9d32a9c9d28175195329b3,85661894891,False,0.184549,120000000000000.0,1740000000000.0
0x8170715b3b381dffb7062c0298972d4727a0a63b,TRUMP,7.88,80.0,630.4,BUY,15-04-2025 04:52,-18194.1,Close Short,12.576,0x61be86ce0e733795c3c404218eb4380201ce0078457f8a6972b5b4b6dadcf4e7,86563945369,False,0.060518,104000000000000.0,1740000000000.0
0x8170715b3b381dffb7062c0298972d4727a0a63b,TRUMP,7.7,3896.1,29999.97,SELL,18-04-2025 17:35,-19945.0,Open Short,0.0,0xc6f6fb64c02354e947a20421c7fea901b900f080715d09f0970edf36f04860a3,87283576802,False,2.879997,880000000000000.0,1740000000000.0
0x8170715b3b381dffb7062c0298972d4727a0a63b,MELANIA,0.51413,179.4,92.23,BUY,23-04-2025 22:00,-1892243.2,Close Short,7.49892,0x0bbc8555359b3124438504221b43ad0202d00017c1c6b393b463e499f542cd98,88366588318,True,0.03099,389000000000000.0,1750000000000.0
0x8170715b3b381dffb7062c0298972d4727a0a63b,MELANIA,0.55332,26.5,14.66,BUY,23-04-2025 22:02,-1634907.7,Close Short,0.069165,0x5e058cf5051c58af99ae04221b470e01c8005623657af8b4c7672b7adf35946f,88366961314,False,0.001407,447000000000000.0,1750000000000.0
0x8170715b3b381dffb7062c0298972d4727a0a63b,MELANIA,0.563,5328.6,3000.0,BUY,23-04-2025 22:02,-1367072.4,Close Short,-37.673202,0x2b5f497ea6e6041a001104221b494f02026d00381bb24a4f7ce10d1b5523d0e6,88367251831,False,0.288,200000000000000.0,1750000000000.0
0x8170715b3b381dffb7062c0298972d4727a0a63b,MELANIA,0.526,2871.9,1510.62,BUY,23-04-2025 22:08,-881934.3,Close Short,85.955967,0x4948bd3d39e60f030bc604221b5a5b0205f100bbfcf2a39e3daea41e0a9eaca3,88368364996,False,0.145018,187000000000000.0,1750000000000.0
0x47add9a56df66b524d5e2c1993a43cde53b6ed85,RENDER,11.15,48.0,535.2,BUY,05-12-2024 9:12,-1257.9,Close Short,8.4984,0x4a763c8e5a3b1a61d27b0418739e1c020202002ab88c68d522ef560bb5796309,52810458398,False,0.051379,831000000000000.0,1730000000000.0
0x47add9a56df66b524d5e2c1993a43cde53b6ed85,RENDER,10.844,36.7,397.97,BUY,05-12-2024 9:36,-1525.4,Close Short,12.682052,0x526a2dc3c51d8b8366e2041873f90d02013f007f5f9a68a56e9f558dd18644a6,52820891618,True,0.133719,484000000000000.0,1730000000000.0
0x47add9a56df66b524d5e2c1993a43cde53b6ed85,@107,13.516,133.0,1797.63,BUY,06-12-2024 10:14,2418.698848,Buy,0.0,0x4f97038320074767ba630418893fa201c400bb45e427ad575ed325b5e16f6729,53138235509,True,0.04468792,56200000000000.0,1730000000000.0
0x47add9a56df66b524d5e2c1993a43cde53b6ed85,FTT,3.4405,107.9,371.23,BUY,07-12-2024 2:28,-149.6,Close Short,22.656842,0x5573b15abeb20fe58538041897513e02017400662894534b9f02015e0be31e5d,53321305655,True,0.124732,146000000000000.0,1730000000000.0
0x47add9a56df66b524d5e2c1993a43cde53b6ed85,HBAR,0.37331,2010.0,750.35,SELL,07-12-2024 5:31,-16300.0,Open Short,0.0,0x5fcc705ec660e3297c07041899f58b01a9009d21419c8cae8c1595cafd3b785e,53344944435,True,0.252118,175000000000000.0,1730000000000.0
0x47add9a56df66b524d5e2c1993a43cde53b6ed85,XRP,2.4134,86.0,207.55,BUY,07-12-2024 9:31,-1226.0,Close Short,2.330944,0x0e8ed25fb73d2696314304189d6f2301bd00ddec5e07d633bd18f62e78e2e994,53381213889,True,0.069737,147000000000000.0,1730000000000.0
0x47add9a56df66b524d5e2c1993a43cde53b6ed85,FTT,2.9912,177.6,531.24,SELL,10-12-2024 3:05,-1012.3,Open Short,0.0,0x2ab446e60c0d63f7749b0418d64641020268001e7711160184c8d0c8c021e14d,54033775789,True,0.178494,943000000000000.0,1730000000000.0
0x47add9a56df66b524d5e2c1993a43cde53b6ed85,XRP,2.2204,338.0,750.5,SELL,10-12-2024 3:38,-743.0,Open Short,0.0,0x6395f5ab4e2c57b714c90418d6c17f02021900d7aa74e3fee78080eebb78daeb,54047472828,True,0.252166,805000000000000.0,1730000000000.0
0x47add9a56df66b524d5e2c1993a43cde53b6ed85,@107,13.25,37.73,499.92,BUY,11-12-2024 6:55,5711.872026,Buy,0.0,0x91bc3ca8ca07c7b027460418ee58890203e40091549b78f2a44b1368239d1c58,54490179415,False,0.00362203,620000000000000.0,1730000000000.0
0x47add9a56df66b524d5e2c1993a43cde53b6ed85,AAVE,352.0,0.99,348.48,BUY,12-12-2024 11:42,4.15,Open Long,0.0,0xcfc96bb1949f5085f544041907362701920101d7c0704135c7a499fb1de98137,54835904114,False,0.033454,1040000000000000.0,1730000000000.0
0x47add9a56df66b524d5e2c1993a43cde53b6ed85,@107,24.418,10.0,244.18,SELL,15-12-2024 05:43,5798.997258,Sell,117.032334,0xb926f85ff793c1af55040419407981019600cc888f35135c96751d33a71c8061,55483356039,True,0.082044,345000000000000.0,1730000000000.0
0x47add9a56df66b524d5e2c1993a43cde53b6ed85,@107,24.142,0.74,17.87,BUY,15-12-2024 06:20,5580.556136,Buy,0.0,0xd43cba257cc6f6b6545c041941029d020107007ecdb142adfdeeceda5516fbc6,55488405155,True,0.00024857,1080000000000000.0,1730000000000.0
0x47add9a56df66b524d5e2c1993a43cde53b6ed85,STX,2.492,802.5,1999.83,SELL,16-12-2024 05:37,0.0,Open Short,0.0,0xb92d7695c0d82788982a0419551b7c020110004007949eea055863a8055ddb28,55661717099,True,0.671942,616000000000000.0,1730000000000.0
0x47add9a56df66b524d5e2c1993a43cde53b6ed85,FTT,2.8308,63.9,180.89,SELL,17-12-2024 02:22,0.0,Open Short,0.0,0x27586372c85a51bc25df041966ec3902023e00964eba7b23e416278b4b092814,55871725562,True,0.060777,1100000000000000.0,1730000000000.0
0x47add9a56df66b524d5e2c1993a43cde53b6ed85,@107,24.522,29.98,735.17,BUY,20-12-2024 02:56,3459.529502,Buy,0.0,0xa65000e11a066ccffc230419a5007c02010f00943345558410965a02fa333f96,56778257843,True,0.01007324,1080000000000000.0,1730000000000.0
0x47add9a56df66b524d5e2c1993a43cde53b6ed85,@107,31.7,11.04,349.97,BUY,22-12-2024 20:21,3512.112221,Buy,0.0,0x4bc4fe891e4d532fb3c30419ced29702014e00a100c4276c20229d4370395636,57539670926,False,0.00105981,895000000000000.0,1730000000000.0
0x47add9a56df66b524d5e2c1993a43cde53b6ed85,PURR,0.38795,330.0,128.02,BUY,24-12-2024 08:18,-330.0,Close Short,1.08504,0x685f850f7ee142d667c60419e447d5010100f24d6ca6ce189e7d28b74608e93e,58222133066,True,0.043015,562000000000000.0,1740000000000.0
0x47add9a56df66b524d5e2c1993a43cde53b6ed85,HYPE,30.04,16.63,499.57,SELL,25-12-2024 03:37,-1201.43,Open Short,0.0,0x08558c45a7197b2687710419efd98e015c002384e2cf81523bacbdd531bf49c6,58416151812,True,0.167853,461000000000000.0,1740000000000.0
0x47add9a56df66b524d5e2c1993a43cde53b6ed85,@107,24.949,12.5,311.86,SELL,06-01-2025 10:51,2599.821758,Sell,-2.746118,0x844d0afe418a14cfd417041ac5faf401b4008bf59c9fd284d64c27d239597f41,60913951770,True,0.104784,1040000000000000.0,1740000000000.0
0x47add9a56df66b524d5e2c1993a43cde53b6ed85,PURR,0.24981,250.0,62.45,BUY,08-01-2025 1:38,-4982.0,Close Short,11.99575,0x304123f2643749217af3041ae79ad00201990004b2902a4254462856fbd79fdb,61262150298,True,0.020983,906000000000000.0,1740000000000.0
0x47add9a56df66b524d5e2c1993a43cde53b6ed85,PURR,0.265,1410.0,373.65,SELL,16-01-2025 00:31,-9856.0,Open Short,0.0,0x46b2af3389f633fe47d9041b8a26b701a300746b3b2fc4816dafb9c5954e45cf,63054449763,False,0.03587,465000000000000.0,1740000000000.0
0x47add9a56df66b524d5e2c1993a43cde53b6ed85,@107,20.624,15.0,309.36,BUY,19-01-2025 10:08,3507.828959,Buy,0.0,0x613e1b54c50fc60af814041bd09f6801ca003fa720266b0fc99b11fbddcaa056,64215041331,True,0.00503995,258000000000000.0,1740000000000.0
0x47add9a56df66b524d5e2c1993a43cde53b6ed85,XRP,3.2,170.0,544.0,SELL,24-01-2025 16:08,-2935.0,Open Short,0.0,0xcb962f4a91b116d1ba02041c558a7e02011200dddaa25e3c70f6fc54358a1fae,65768905674,False,0.052224,736000000000000.0,1740000000000.0
0x47add9a56df66b524d5e2c1993a43cde53b6ed85,HYPE,22.865,23.38,534.58,BUY,25-01-2025 04:39,-2321.38,Close Short,20.904058,0xfce85df2c8513b2b0153041c63b56e02012100bf4457b2491f31e69677f5616a,66340551813,True,0.179619,234000000000000.0,1740000000000.0
0x47add9a56df66b524d5e2c1993a43cde53b6ed85,HYPE,21.426,11.11,238.04,BUY,27-01-2025 06:57,-2171.21,Close Short,25.920741,0x43b00ffd249ab5d9d89d041c964e4202032d004347ec694538790cd467d64f1b,66753496517,True,0.079982,293000000000000.0,1740000000000.0
0x47add9a56df66b524d5e2c1993a43cde53b6ed85,@107,21.389,10.56,225.87,SELL,27-01-2025 07:08,2959.448162,Sell,-17.386708,0x04033e20a4d49f072d35041c966c5302021900e41647927c227165165e43c1d5,66756017667,True,0.07589,318000000000000.0,1740000000000.0
0x47add9a56df66b524d5e2c1993a43cde53b6ed85,HYPE,21.9,6.84,149.8,SELL,03-02-2025 5:55,-2134.9,Open Short,0.0,0x311601945b5d8bb44dd5041d06d07b0201740035d5845f96f03f62c78404083c,68734052172,False,0.014379,969000000000000.0,1740000000000.0
0x47add9a56df66b524d5e2c1993a43cde53b6ed85,@107,23.236,8.0,185.89,SELL,03-02-2025 8:15,3193.050123,Sell,1.969983,0xe9c977eca66a18fd1e1b041d083f0302031a00e16dbec21f7541573aecbecb24,68803534936,True,0.062457,24300000000000.0,1740000000000.0
0x47add9a56df66b524d5e2c1993a43cde53b6ed85,HYPE,24.65,29.58,729.15,SELL,03-02-2025 22:57,-2312.91,Open Short,0.0,0x864bba45ea8381221155041d1224d702019c00c64e5ac27f6afab9e21ce50b88,69108096646,True,0.244992,125000000000000.0,1740000000000.0
0x47add9a56df66b524d5e2c1993a43cde53b6ed85,@107,25.881,1.08,27.95,SELL,06-02-2025 10:15,2904.093653,Sell,1.913126,0xb44d13c30ce13933f410041d3a24e6017600456844654afabd60bac7bbcfc57c,70035844649,True,0.009391,673000000000000.0,1740000000000.0
0x47add9a56df66b524d5e2c1993a43cde53b6ed85,LINK,18.753,10.7,200.66,SELL,09-02-2025 12:47,97.9,Close Long,8.697816,0xc9cf6336eee5ee62be6f041d6c4c520201d6000458837791b24890fe24e1a086,70898353738,True,0.067419,225000000000000.0,1740000000000.0
0x47add9a56df66b524d5e2c1993a43cde53b6ed85,BTC,95682.0,0.01109,1061.11,SELL,12-02-2025 8:54,0.04111,Close Long,-3.311474,0x965763d5ddc6b195d0c4041d99d09302015d00eada76c0f85792b4234a4774c4,71639897885,True,0.356533,742000000000000.0,1740000000000.0
0x47add9a56df66b524d5e2c1993a43cde53b6ed85,HYPE,22.521,4.68,105.4,BUY,18-02-2025 23:18,-2244.26,Close Short,7.96536,0xd249220044792154dd4c041e023b700202bc00197a411a82594cff685cc433ee,73226763476,True,0.035413,100000000000000.0,1740000000000.0
0x47add9a56df66b524d5e2c1993a43cde53b6ed85,HYPE,22.6,5.0,113.0,BUY,24-02-2025 07:23,-2182.41,Close Short,8.306,0xcf0478729f66943618c1041e58bb1e01a8008c57df58dfc4f732ab972dfe7691,74346298370,True,0.037968,1050000000000000.0,1740000000000.0
0x47add9a56df66b524d5e2c1993a43cde53b6ed85,SOL,146.7,0.45,66.02,SELL,01-03-2025 6:40,32.72,Close Long,-0.937035,0x414ba34a6ba228da8453041eaaf44c019e008b15bb9179d6ec19ad0a55ebd631,76003562682,True,0.02218,560000000000000.0,1740000000000.0
0x47add9a56df66b524d5e2c1993a43cde53b6ed85,BTC,93691.0,0.00012,11.24,SELL,03-03-2025 1:31,-0.06729,Open Short,0.0,0xa85b2920a5e77c61d9a0041ec866970202d20007b3a32366f1a9364858a5b9f5,76428512450,True,0.003777,1120000000000000.0,1740000000000.0
0x47add9a56df66b524d5e2c1993a43cde53b6ed85,BTC,88156.0,0.00283,249.48,SELL,07-03-2025 7:35,-0.06609,Open Short,0.0,0x39dfe895b61542cea274041f0e0e6d0202a30058d8c769098990695c593db86b,77823584854,True,0.083825,44100000000000.0,1740000000000.0
0x47add9a56df66b524d5e2c1993a43cde53b6ed85,@107,11.721,63.99,750.03,SELL,06-04-2025 8:41,3050.58371,Sell,-537.103739,0x3add2727d3c44196620b0420fdd34f013b004c42421a44f60b9138ca8bd271c1,84191237935,True,0.252008,959000000000000.0,1740000000000.0
0x47add9a56df66b524d5e2c1993a43cde53b6ed85,@107,13.713,54.78,751.2,SELL,09-04-2025 22:58,496.605007,Sell,-293.728945,0x23967260802681e307a5042138ff140206a200929e4ccd666e60ac5db9ca0dc8,85367708275,True,0.252402,449000000000000.0,1740000000000.0
0x3f9a0aadc7f04a7c9d75dc1b5a6ddd6e36486cf6,TIA,5.43,8.0,43.44,BUY,22-11-2024 09:08,2877.1,Open Long,0.0,0x6670527363ff6fcf067f0417666dd7018d00e056716980842892da05021f0baf,49175001249,False,0.004344,143000000000000.0,1730000000000.0
0x28736f43f1e871e6aa8b1148d38d4994275d72c4,SOL,217.29,6.0,1303.74,SELL,17-11-2024 09:01,35.03,Close Long,12.6234,0xed5fc134578d7ac9ce060416fe6d1c019700675b7538adfbb208278c303279b4,47927720324,True,0.456309,767000000000000.0,1730000000000.0
0x28736f43f1e871e6aa8b1148d38d4994275d72c4,kBONK,0.049859,500.0,24.93,SELL,17-11-2024 09:11,-8122.0,Open Short,0.0,0x21ca7f3342641d0db1ea0416fe92a301dc0004aad429db0df38ad8648a300ca3,47929164885,True,0.008725,524000000000000.0,1730000000000.0
0x28736f43f1e871e6aa8b1148d38d4994275d72c4,SOL,236.16,0.7,165.31,SELL,20-11-2024 13:29,21.07,Close Long,0.14861,0x90c89404cb699b326a8304174082a60194009cec87c74fb6d001110e6446b2d6,48685519136,True,0.057859,293000000000000.0,1730000000000.0
0x28736f43f1e871e6aa8b1148d38d4994275d72c4,SOL,237.56,5.0,1187.8,SELL,20-11-2024 14:35,10.35,Close Long,8.0615,0x4196cdb088986396834504174174a9019c00247b4811c3b879eb5fc1da488a0a,48693673589,True,0.41573,567000000000000.0,1730000000000.0
0x28736f43f1e871e6aa8b1148d38d4994275d72c4,SOL,238.07,5.0,1190.35,SELL,20-11-2024 18:57,35.35,Close Long,1.4055,0xc2a608777c0122c0c1da041745393a02025b003e95fd3e77df22b7d62cfea1a0,48734832215,True,0.416622,482000000000000.0,1730000000000.0
0x28736f43f1e871e6aa8b1148d38d4994275d72c4,SOL,233.05,28.22,6576.67,BUY,21-11-2024 00:12,4.28,Open Long,0.0,0xac25899b16de688c005b041749cd55018e005751cf4d9e8394cd4dfa0fc84f79,48812208776,True,2.301834,722000000000000.0,1730000000000.0
0x28736f43f1e871e6aa8b1148d38d4994275d72c4,ADA,0.78805,31.0,24.43,SELL,21-11-2024 20:30,-669.0,Open Short,0.0,0x3e4759aa1f1a3726c50704175b7a5f02014a00736cc7d24648dbe555e82695a5,49033217020,True,0.00855,48500000000000.0,1730000000000.0
0x28736f43f1e871e6aa8b1148d38d4994275d72c4,ETH,3281.6,0.25,820.4,SELL,21-11-2024 20:58,2.7532,Close Long,1.03,0x962e483c0fe9779ddf9904175bdefc02012c00867168d338819eabd84cd1fedf,49042268014,True,0.28714,677000000000000.0,1730000000000.0
0x28736f43f1e871e6aa8b1148d38d4994275d72c4,XRP,1.417,247.0,350.0,SELL,22-11-2024 09:47,0.0,Open Short,0.0,0xecc964d550b95334b6c0041766fb2d02019f00273e99444de348fc069b937729,49182792404,True,0.122499,1570000000000.0,1730000000000.0
0x28736f43f1e871e6aa8b1148d38d4994275d72c4,ETH,3494.1,0.0486,169.81,SELL,26-11-2024 02:26,2.1813,Close Long,1.561032,0xf611fa25f68743a99a460417b4010c02025100cbf7efbcdb6a35e6cfcc7ceb5e,50272800212,True,0.059434,1030000000000000.0,1730000000000.0
0x28736f43f1e871e6aa8b1148d38d4994275d72c4,CHILLGUY,0.61133,408.0,249.42,SELL,28-11-2024 02:12,-96.0,Open Short,0.0,0x9b61422cdf40af0fb7090417dd56bb0201a100f064b9c2336230dabef477afc8,50898353646,True,0.087297,38500000000000.0,1730000000000.0
0x28736f43f1e871e6aa8b1148d38d4994275d72c4,ETH,3609.4,0.25,902.35,BUY,29-11-2024 19:04,1.0037,Open Long,0.0,0x974a9cd86f025355812f0417ff881401c20089bf2e6447ad96cd1e915c05a4e5,51283876777,True,0.315822,847000000000000.0,1730000000000.0
0x28736f43f1e871e6aa8b1148d38d4994275d72c4,@107,6.3165,0.68,4.3,SELL,30-11-2024 12:26,4675.778247,Sell,4.121266,0x0000000000000000000000000000000000000000000000000000000000000000,51433381974,False,0.000429,669000000000000.0,1730000000000.0
0x28736f43f1e871e6aa8b1148d38d4994275d72c4,ADA,1.133,48.0,54.38,SELL,30-11-2024 13:08,-344.0,Open Short,0.0,0xa3cd56df86ba1be0272c04180f39be0183006ec1959528c83d533e2888ad608e,51439326104,True,0.019034,804000000000000.0,1730000000000.0
0x28736f43f1e871e6aa8b1148d38d4994275d72c4,ATOM,8.7559,5.7,49.91,SELL,30-11-2024 23:59,-61.07,Open Short,0.0,0xc6f6b2cd01cf16a92a1d0418189f2d0156001dcf80c7aea41b74688526fa7424,51530620116,True,0.017468,908000000000000.0,1730000000000.0
0x28736f43f1e871e6aa8b1148d38d4994275d72c4,PURR/USDC,0.32225,156.0,50.27,BUY,01-12-2024 14:31,40154.00914,Buy,0.0,0x4a8c8708f84c7fe67130041825347201be00a3f3f9216ba3367fb149471c39af,51655148366,True,0.05459,709000000000000.0,1730000000000.0
0x28736f43f1e871e6aa8b1148d38d4994275d72c4,kBONK,0.045745,1093.0,50.0,SELL,09-12-2024 3:26,-6772.0,Open Short,0.0,0x392175f3dd9a3043c28a0418c1cdb601cf00d4ef01fb31a0e4e4204f49313250,53717310341,True,0.017499,787000000000000.0,1730000000000.0
0x28736f43f1e871e6aa8b1148d38d4994275d72c4,IMX,1.9175,23.4,44.87,BUY,09-12-2024 14:33,-132.6,Close Short,3.465306,0xe351932db3cdbebd27730418cb6e8f02014f001e1fe028566039d437605d0956,53839831997,True,0.015704,621000000000000.0,1730000000000.0
0x28736f43f1e871e6aa8b1148d38d4994275d72c4,LTC,109.93,0.61,67.06,BUY,10-12-2024 18:31,-0.61,Close Short,6.273301,0x9b65502411bda4799b4f0418e3a01302034d009d09503f15c1e3a2d07cd7ba2f,54292992499,True,0.02347,1080000000000000.0,1730000000000.0
0x28736f43f1e871e6aa8b1148d38d4994275d72c4,PURR/USDC,0.22491,244.0,54.88,BUY,12-12-2024 1:03,59856.37607,Buy,0.0,0xd717ab7e1a3c1f1952400418fe0394018d004a5c85de93f3e2658f11688d31a0,54744208195,True,0.08539,659000000000000.0,1730000000000.0
0x28736f43f1e871e6aa8b1148d38d4994275d72c4,HYPE,17.9,1.39,24.88,SELL,12-12-2024 13:25,-34.43,Open Short,0.0,0x764c2a96edc50fcf8cad041908b18d017a00fb6036bec4b27660f81b3ba69fc3,54859583517,True,0.008708,43300000000000.0,1730000000000.0
0x28736f43f1e871e6aa8b1148d38d4994275d72c4,PURR/USDC,0.48149,3497.0,1683.77,SELL,14-12-2024 11:59,48022.44133,Sell,750.958004,0xb43f8f1032d820dcc95004193117da017900368dd26bf3b514b56cce3b871ae7,55345689480,True,0.589319,1000000000000000.0,1730000000000.0
0x28736f43f1e871e6aa8b1148d38d4994275d72c4,@107,20.975,45.65,957.51,SELL,14-12-2024 12:01,1900.447389,Sell,708.61306,0x89ba167f1e3f2ad657db0419311ef602010400e78611872a8f72658057a7d82e,55345866526,True,0.335128,1060000000000000.0,1730000000000.0
0x28736f43f1e871e6aa8b1148d38d4994275d72c4,@107,24.401,8.89,216.92,SELL,15-12-2024 11:01,1409.317389,Sell,168.454295,0xac12a4e5c7c1122a065e0419450cf101e800c3c20d8351bb5221f85c6ec1575b,55522084895,True,0.075923,541000000000000.0,1730000000000.0
0x28736f43f1e871e6aa8b1148d38d4994275d72c4,@107,26.144,1.91,49.94,BUY,16-12-2024 17:32,1133.421524,Buy,0.0,0x93fffe38af5afa37f6ca04195f5dc001cb00437331d172bb15102fbb902d7aba,55776502334,True,0.00066848,749000000000000.0,1730000000000.0
0x28736f43f1e871e6aa8b1148d38d4994275d72c4,@107,23.548,21.19,498.98,BUY,19-12-2024 01:45,1127.10872,Buy,0.0,0x3a65bf0f7584c75e665104198f770902023b0097cab5c95202ccb73ccba9bd86,56368071749,True,0.00741646,583000000000000.0,1730000000000.0
0x28736f43f1e871e6aa8b1148d38d4994275d72c4,HBAR,0.26694,606.0,161.77,BUY,20-12-2024 21:02,-1961.0,Close Short,-1.902234,0x1638368b4476cb3ef68c0419b2595c0201bc00467dc6280c3e873fbf01067d0c,57108675371,True,0.056617,493000000000000.0,1730000000000.0
0x28736f43f1e871e6aa8b1148d38d4994275d72c4,BTC,99407.0,0.00704,699.83,SELL,21-12-2024 13:20,0.08327,Close Long,22.68992,0xb68201b8fcf21b9273030419bc48d9020170005aab9499559617089ed490a3a8,57313067492,True,0.244938,498000000000000.0,1730000000000.0
0x28736f43f1e871e6aa8b1148d38d4994275d72c4,HYPE,34.378,0.72,24.75,SELL,22-12-2024 17:10,-20.0,Open Short,0.0,0xf8abfcd78a2b777a6be90419ccf62f02035000b1373f538e55ffe229dbee96bf,57700269267,True,0.008663,837000000000000.0,1730000000000.0
0x28736f43f1e871e6aa8b1148d38d4994275d72c4,PURR/USDC,0.36065,150.0,54.1,BUY,23-12-2024 13:32,27651.78399,Buy,0.0,0xc6ac1cf8e92d9692179f0419d9127c02018500e6d4b8bd1af0b654c5cad122bf,57979932531,True,0.05249,396000000000000.0,1730000000000.0
0x28736f43f1e871e6aa8b1148d38d4994275d72c4,HYPE,26.754,5.0,133.77,BUY,30-12-2024 02:04,-30.69,Close Short,6.595,0x4d4244f1b7f93409a0d9041a37748c02018c006932425e8e9ac92117ee32b43e,59418236945,True,0.046819,116000000000000.0,1740000000000.0
0x28736f43f1e871e6aa8b1148d38d4994275d72c4,XRP,2.1354,46.0,98.23,BUY,30-12-2024 02:27,-100.0,Close Short,3.707002,0x29856d617216ccff2f10041a37b0ba01b000129872f2875baeaa1e3266c06dd2,59420751545,True,0.034379,917000000000000.0,1740000000000.0
0x28736f43f1e871e6aa8b1148d38d4994275d72c4,VIRTUAL,3.8265,24.8,94.9,BUY,07-01-2025 17:56,-159.3,Close Short,5.592896,0xb14bed97a356b9d7a6f9041ae0ecd301af00090687edff6a149a8852a9eb3e57,61151757943,True,0.033214,1100000000000000.0,1740000000000.0
0x28736f43f1e871e6aa8b1148d38d4994275d72c4,BTC,95057.0,0.01,950.57,BUY,08-01-2025 17:31,0.1,Open Long,0.0,0xa07ef35521027ad99dd1041af55adc019a00b070317d6c624d33e075943cf042,61430162378,True,0.332699,79200000000000.0,1740000000000.0
0x28736f43f1e871e6aa8b1148d38d4994275d72c4,GRIFFAIN,0.37246,121.0,45.07,BUY,08-01-2025 23:00,-414.0,Close Short,4.43586,0x28d61d654a3561ee387d041afa19670203d1001757126f378eebe32aab34934a,61522384284,True,0.015773,767000000000000.0,1740000000000.0
0x28736f43f1e871e6aa8b1148d38d4994275d72c4,HYPE,20.417,32.67,667.02,SELL,09-01-2025 20:54,272.88,Close Long,2.012472,0xe78be1e8cac5fcd2bb21041b0d0ca301f800645996c9f329e627f49ec129203a,61791882106,True,0.233458,963000000000000.0,1740000000000.0
0x28736f43f1e871e6aa8b1148d38d4994275d72c4,HYPE,19.28,14.05,270.88,BUY,10-01-2025 1:35,100.21,Open Long,0.0,0x63570857afec144fc020041b111a4f01e4002c25c3c5f1a13e738aeed023a967,61865059329,True,0.094809,359000000000000.0,1740000000000.0
0x28736f43f1e871e6aa8b1148d38d4994275d72c4,BTC,92909.0,0.015,1393.63,BUY,10-01-2025 19:10,0.1251,Open Long,0.0,0x8b511d61097aaccb0228041b204dd90203d10087d142821c5f736724914aabc4,62057912176,True,0.487772,854000000000000.0,1740000000000.0
0x28736f43f1e871e6aa8b1148d38d4994275d72c4,FARTCOIN,1.6477,18.2,29.99,SELL,18-01-2025 18:02,-1168.7,Open Short,0.0,0xcea32ce9227e0ba5ebba041bc2f0cc01fb002731ca7b883ba21e6e8f82d31d0f,64006664007,True,0.010495,315000000000000.0,1740000000000.0
0x28736f43f1e871e6aa8b1148d38d4994275d72c4,TRUMP,23.2,4.3,99.76,SELL,18-01-2025 19:30,-24.4,Open Short,0.0,0x45bf0b4f986ed73b47b0041bc4351500004c0546ae61af1d8a8c738cc2b767c8,63993244961,False,0.009976,379000000000000.0,1740000000000.0
0x28736f43f1e871e6aa8b1148d38d4994275d72c4,GRIFFAIN,0.43302,126.0,54.56,SELL,20-01-2025 22:55,-154.0,Open Short,0.0,0x0d9dbe0aff5d09ecf127041bf098bc0201d80008c899c066ab467f9103118e21,64942250005,True,0.019096,983000000000000.0,1740000000000.0
0x28736f43f1e871e6aa8b1148d38d4994275d72c4,ENA,0.8884,478.0,424.66,BUY,21-01-2025 22:08,117.0,Open Long,0.0,0x39ecdfe722821b1a2c26041c0ad1000201ff001809d475aac6d070f377c5c2c0,65364159267,True,0.148629,753000000000000.0,1740000000000.0
0x28736f43f1e871e6aa8b1148d38d4994275d72c4,PENDLE,3.7576,70.0,263.03,BUY,26-01-2025 12:47,399.0,Open Long,0.0,0x8d45ccd354dc99d5118b041c880a54014a00f43c0bf13a3d170ed5074685c0d3,66607266536,True,0.092061,677000000000000.0,1740000000000.0
0x28736f43f1e871e6aa8b1148d38d4994275d72c4,PENDLE,3.461,275.0,951.77,SELL,28-01-2025 02:04,2047.0,Close Long,10.923275,0x3654351dfabaf1d08876041ca3584502024a00acb81462516fd9bf96ebef1b83,67046155993,True,0.333121,561000000000000.0,1740000000000.0
0x28736f43f1e871e6aa8b1148d38d4994275d72c4,DOGE,0.3347,731.0,244.67,SELL,28-01-2025 12:06,4544.0,Close Long,9.994963,0x6d9b276b400d5cd5a6de041caa12910201530004476af78ad5c80176464ee886,67148400617,True,0.085632,752000000000000.0,1740000000000.0
0x28736f43f1e871e6aa8b1148d38d4994275d72c4,DOGE,0.33358,74.0,24.68,SELL,30-01-2025 19:32,4609.0,Close Long,0.425648,0xd86543e22043e0780bb5041ccf64a1020146003c4e8f3aa87df1c4421a1b0601,67755934950,True,0.008639,231000000000000.0,1740000000000.0
0x28736f43f1e871e6aa8b1148d38d4994275d72c4,BTC,99623.0,0.02596,2586.21,SELL,05-02-2025 0:32,0.27597,Close Long,17.058316,0x89f688c7443f3379d4b9041d237d800201840035e47697e0ee7b9f6794dc5181,69547589591,True,0.905174,831000000000000.0,1740000000000.0
0x28736f43f1e871e6aa8b1148d38d4994275d72c4,@37,0.011754,2982.0,35.05,BUY,08-02-2025 19:33,1442.46282,Buy,0.0,0x22ec106ad7065a157207041d60c3f802023c004877b3d004624f182fdf68e77a,70738083368,True,1.04364,82400000000000.0,1740000000000.0
0x28736f43f1e871e6aa8b1148d38d4994275d72c4,ETH,2023.0,0.5,1011.5,BUY,10-03-2025 20:35,10.0,Open Long,0.0,0xc419a066cc64e7204e2e041f487ee802058700719827a61fa5376ce348865c32,78718629801,True,0.354025,507000000000000.0,1740000000000.0
0x28736f43f1e871e6aa8b1148d38d4994275d72c4,PENDLE,2.7001,19.0,51.3,SELL,24-03-2025 10:21,3564.0,Close Long,2.459816,0x540ac6ae3e8da090f800042028245901fc00c8b00cfc0720616f9500006c61a0,81478485879,True,0.017955,284000000000000.0,1740000000000.0
0x28736f43f1e871e6aa8b1148d38d4994275d72c4,SOL,139.48,1.48,206.43,BUY,25-03-2025 11:10,28.52,Open Long,0.0,0x81c6f4b614b095f5c4b90420393f110197002c87ab4fbc5b82203feb7609df1f,81665847014,True,0.07225,515000000000000.0,1740000000000.0
0x28736f43f1e871e6aa8b1148d38d4994275d72c4,PURR/USDC,0.0615,600.0,36.9,SELL,07-04-2025 12:18,87531.74046,Sell,-35.888644,0x1b3421f983d80b7653df0421109ca002072700656bb17bb913d9f1ab24c70f73,84518943718,True,0.012915,201000000000000.0,1740000000000.0
0x28736f43f1e871e6aa8b1148d38d4994275d72c4,FARTCOIN,0.8799,45.4,39.95,SELL,14-04-2025 19:12,-298.1,Open Short,0.0,0x2eb92eb99170e4c3917c04218819430201090018c3091685aceee4ba6bb54363,86494512462,True,0.013981,886000000000000.0,1740000000000.0
0x39cef799f8b69da1995852eea189df24eb5cae3c,@107,23.32,395.91,9232.62,SELL,01-01-2025 4:57,882.6449765,Sell,6.987902,0x12b30e7fef4612a529ea041a5900ef018500ad825d005e4b7a9deeb0fc025702,59916250988,False,0.923262,454000000000000.0,1740000000000.0
0x39cef799f8b69da1995852eea189df24eb5cae3c,@107,22.5,10.0,225.0,BUY,23-01-2025 19:51,1842.247563,Buy,0.0,0x4e049a0fb746d67e2d58041c3e8e03016f006cd1e75c852fe20034d341127e26,65886528396,False,0.001,131000000000000.0,1740000000000.0
0x39cef799f8b69da1995852eea189df24eb5cae3c,@107,17.857,7.0,125.0,BUY,05-03-2025 7:08,3851.600645,Buy,0.0,0xa41dca18aec868791222041eecd3e701bb0021e5d4ab3f2c01d8b2115db1f938,77241866611,False,0.00069994,806000000000000.0,1740000000000.0
0x39cef799f8b69da1995852eea189df24eb5cae3c,TAO,264.75,2.021,535.06,SELL,12-03-2025 0:13,-140.206,Open Short,0.0,0x19e6afe8d1a71d082e1c041f5b98350202b5002eb306a5d457c10884e5a2a6e8,79139589857,False,0.053505,392000000000000.0,1740000000000.0
0x39cef799f8b69da1995852eea189df24eb5cae3c,MELANIA,0.7241,2783.3,2015.39,SELL,18-03-2025 17:57,-341154.7,Open Short,0.0,0xd19dd41f3880474255c9041fcadc29020154002bd514c3ea0c7a3ae4250cda25,80535262078,False,0.201538,1000000000000000.0,1740000000000.0
0x39cef799f8b69da1995852eea189df24eb5cae3c,MELANIA,0.731,484.9,354.46,SELL,19-03-2025 21:43,-357710.5,Open Short,0.0,0x934f2e3ab76bd6b62601041fddfc3102052900ec483e5037e81964f7124499ab,80767988913,False,0.035446,616000000000000.0,1740000000000.0
0x39cef799f8b69da1995852eea189df24eb5cae3c,MELANIA,0.731,2170.4,1586.56,SELL,19-03-2025 21:43,-400444.3,Open Short,0.0,0x5c7113cec0be6abf8c5e041fddfc490203f700de2faa5990eed0e61f15f8f2fb,80767988913,False,0.158656,510000000000000.0,1740000000000.0
0x39cef799f8b69da1995852eea189df24eb5cae3c,MELANIA,0.6595,1209.0,797.34,BUY,27-03-2025 17:18,-416178.5,Close Short,49.19421,0x06435f96a306fae7b61704205e912e01790069923c91c127c9bd64b82306cdc9,82022314138,False,0.079733,658000000000000.0,1740000000000.0
0x39cef799f8b69da1995852eea189df24eb5cae3c,MELANIA,0.65999,303.3,200.17,SELL,27-03-2025 17:26,-486759.2,Open Short,0.0,0xf9e6d7774c221e83a52d04205ea81902010300fe358efebeeae4dc005ef34262,82097180807,False,0.020017,392000000000000.0,1740000000000.0
0x39cef799f8b69da1995852eea189df24eb5cae3c,XRP,1.8636,268.0,499.44,SELL,07-04-2025 20:05,170979.0,Close Long,-8.2276,0xfbf0494db1c7a49eac91042115eeb602043800affac619069b67c7af54c48f3b,84685119949,False,0.049944,724000000000000.0,1740000000000.0
0x39cef799f8b69da1995852eea189df24eb5cae3c,ADA,0.5582,6795.0,3792.97,SELL,09-04-2025 4:25,-211921.0,Open Short,0.0,0xee98368dad490c6ef9f104212c38f502010000d51b301792f405eca2939d0ef0,85100289273,False,0.189648,949000000000000.0,1740000000000.0
0x39cef799f8b69da1995852eea189df24eb5cae3c,FARTCOIN,0.72709,4952.8,3601.13,BUY,09-04-2025 23:03,-367806.6,Close Short,-1140.976536,0x72aec52ca42551c889340421390bba02051200bab9009abb0f52ca1da9755953,85370243639,True,1.080339,455000000000000.0,1740000000000.0
0x39cef799f8b69da1995852eea189df24eb5cae3c,ADA,0.62227,41716.0,25958.62,BUY,09-04-2025 23:08,-227499.0,Close Short,-2664.984944,0x923dcf532ee42780d9b60421391aa80203ce00b86f786758c77bccbdfee3e0b2,85372375426,False,1.29793,549000000000000.0,1740000000000.0
0x39cef799f8b69da1995852eea189df24eb5cae3c,ADA,0.62165,1610.0,1000.86,BUY,09-04-2025 23:08,-133245.0,Close Short,-101.85504,0x7b160c37719ff00ef3a40421391aca02029700f97d3d4e19dc5ad4eb8efc93b5,85372307668,False,0.050042,434000000000000.0,1740000000000.0
0x39cef799f8b69da1995852eea189df24eb5cae3c,BTC,82754.0,0.99956,82717.59,SELL,10-04-2025 0:01,7.13972,Close Long,222.90188,0x9fb4a5e361e78403f801042139b3020203ec0093b759c4b1d566ec666e3d5fbf,85393732089,False,4.135879,576000000000000.0,1740000000000.0
0x39cef799f8b69da1995852eea189df24eb5cae3c,ADA,0.59115,1173.0,693.42,SELL,10-04-2025 22:59,-173382.0,Open Short,0.0,0xeb14afd3d462bcc7740f0421497e750202100085009beb11ebf502a0fc6279f0,85648032583,False,0.03467,836000000000000.0,1740000000000.0
0x39cef799f8b69da1995852eea189df24eb5cae3c,FARTCOIN,0.69989,1972.9,1380.81,BUY,10-04-2025 23:09,-133277.4,Close Short,0.098645,0x1a14599963a4e221c2f20421499ad30209a20035db6554f8cea664fc9536263d,85650356494,False,0.06904,851000000000000.0,1740000000000.0
0x7f4f299f74eec87806a830e3caa9afa5f2b9db8f,ETH,1478.0,0.36,532.08,SELL,09-04-2025 5:43,-9.8902,Open Short,0.0,0xbce7d72f8d99f9a9cbf604212d1c4502055200e7f2d2bedccb8b37f2e830f9c9,85114585006,False,0.053208,949000000000000.0,1740000000000.0
0x7f4f299f74eec87806a830e3caa9afa5f2b9db8f,ETH,1478.2,0.339,501.11,BUY,09-04-2025 19:14,-87.7567,Close Short,0.8475,0xfee3bfcb0b706a8e91010421366c2a0205fb00eccf4aafae925f934ac683b818,85305663820,False,0.05011,750000000000000.0,1740000000000.0
0x7f4f299f74eec87806a830e3caa9afa5f2b9db8f,ETH,1478.2,0.339,501.11,BUY,09-04-2025 19:14,-81.2334,Close Short,0.8475,0x2cf9c6cd5550e20e4f540421366c2e0205be0042570442cbeaf4bff7c10fddd3,85305663820,False,0.05011,782000000000000.0,1740000000000.0
0x7f4f299f74eec87806a830e3caa9afa5f2b9db8f,ETH,1582.0,2.819,4459.66,SELL,09-04-2025 23:01,17.561,Close Long,32.7004,0x0263114cbf95e40bc06704213905a002027e00811c1aaf07b88409662c2d6eba,85368483479,False,0.445965,186000000000000.0,1740000000000.0
0x7f4f299f74eec87806a830e3caa9afa5f2b9db8f,FARTCOIN,0.71019,541.1,384.28,SELL,10-04-2025 0:28,-3458.9,Open Short,0.0,0x80605970991da6dfcb1a04213a04ba02030e0064187dfa6b538f1b16b6720eef,85402837716,True,0.134499,303000000000000.0,1740000000000.0
0x7f4f299f74eec87806a830e3caa9afa5f2b9db8f,FARTCOIN,0.90192,168.9,152.33,SELL,11-04-2025 22:36,0.0,Open Short,0.0,0x946320dcbcf2a410fcbd042159986502017000133e26cfc9a8730d29adad8039,85871327921,False,0.015233,398000000000000.0,1740000000000.0
0x7f4f299f74eec87806a830e3caa9afa5f2b9db8f,ETH,1587.0,0.631,1001.4,SELL,11-04-2025 23:09,-35.8895,Open Short,0.0,0xd8037725158ecab5a1df042159fa9d02028400b9ff1bfd2b64c7ee70f838b4d5,85807303066,False,0.100139,166000000000000.0,1740000000000.0
0x7f4f299f74eec87806a830e3caa9afa5f2b9db8f,FARTCOIN,0.94097,2284.0,2149.18,BUY,12-04-2025 3:19,14347.9,Open Long,0.0,0x3d1273e8b37d205c3b6804215cd220016d00a36703998d5ecb060040e1831c0a,85911893585,False,0.214917,354000000000000.0,1740000000000.0
0x7f4f299f74eec87806a830e3caa9afa5f2b9db8f,BTC,83661.0,0.00018,15.06,BUY,13-04-2025 19:48,0.00075,Open Long,0.0,0x2b2c48d1a609a588669f04217822a1020205000c8eaf56dcef6276d155a8897b,86238172145,False,0.001505,655000000000000.0,1740000000000.0
0x7f4f299f74eec87806a830e3caa9afa5f2b9db8f,BTC,83661.0,0.01307,1093.45,BUY,13-04-2025 19:48,0.05034,Open Long,0.0,0x4eb9ba697f37fa23c9b0042178230b0201cf00d8191fc9611173d6b12cd268e2,86238172145,False,0.109344,46800000000000.0,1740000000000.0
0xa520ded057a32086c40e7dd6ed4eb8efb82c00e0,PURR/USDC,0.16183,99.0,16.02,SELL,28-10-2024 08:11,407428.35,Sell,2.660036,0x0000000000000000000000000000000000000000000000000000000000000000,43593087207,False,0.001602,329000000000000.0,1730000000000.0
0xa520ded057a32086c40e7dd6ed4eb8efb82c00e0,PURR/USDC,0.23031,925.0,213.04,SELL,18-11-2024 10:46,351905.35,Sell,88.197872,0xf16aae4675ff6818a838041714bb2801ff00105524021dc878107e34d29931e1,48183702346,True,0.074562,392000000000000.0,1730000000000.0
0xa520ded057a32086c40e7dd6ed4eb8efb82c00e0,@107,9.6801,11.63,112.58,SELL,01-12-2024 9:30,62128.1326,Sell,90.435919,0x0000000000000000000000000000000000000000000000000000000000000000,51616214565,False,0.011257,935000000000000.0,1730000000000.0
0xa520ded057a32086c40e7dd6ed4eb8efb82c00e0,@59,13.814,40.77,563.2,SELL,21-01-2025 08:59,231.8365436,Sell,215.236113,0x729d1094912013920123041bfbf7b50201ac002dda2dbf4fe243dabad4390dcc,65142870283,True,0.197118,280000000000000.0,1740000000000.0
0xa520ded057a32086c40e7dd6ed4eb8efb82c00e0,PURR/USDC,0.16596,84.0,13.94,SELL,27-01-2025 07:57,64312.35001,Sell,2.603921,0x92403e9cdb75ad4ee868041c96fbc10201be00b298c59e0f196454be7a43e389,66769340049,False,0.001394,17800000000000.0,1740000000000.0
0xb899e522b5715391ae1d4f137653e7906c5e2115,SOL,133.21,20.6,2744.13,BUY,04-03-2025 22:05,871.93,Open Long,0.0,0xcfbbbb83b78f0580263c041ee6b29b0205e700977c1fab6bf851eb654abdba97,77109312048,True,0.922026,840000000000000.0,1740000000000.0
0xb899e522b5715391ae1d4f137653e7906c5e2115,SOL,145.2,201.23,29218.6,BUY,06-03-2025 20:06,707.6,Open Long,0.0,0x348737f6e515163a26cd041f0638160202c000b731e87ff5a33cc56a862d46a6,77669314660,True,8.414954,963000000000000.0,1740000000000.0
0xb899e522b5715391ae1d4f137653e7906c5e2115,SOL,138.21,50.65,7000.34,SELL,09-03-2025 6:51,-2565.17,Open Short,0.0,0x03993f8a67e1ccd19df0041f2e72e60201300049910f3db3222586a40a3eaa5a,78292905151,True,1.750084,444000000000000.0,1740000000000.0
0xb899e522b5715391ae1d4f137653e7906c5e2115,SOL,129.14,56.6,7309.32,SELL,09-03-2025 22:09,4339.91,Close Long,17.87994,0x63bd63f4d8c8b5d034fe041f38ed0b0201d3001e7ea892908474dfb962b5a1cd,78420217149,True,1.827331,483000000000000.0,1740000000000.0
0xb899e522b5715391ae1d4f137653e7906c5e2115,SOL,127.32,652.86,83122.14,BUY,09-03-2025 22:37,1142.91,Open Long,0.0,0xfc8e207de918d4835e4b041f3942b8020391009b618d39e45c6522b1ded230b7,78428489907,True,20.780533,884000000000000.0,1740000000000.0
0xb899e522b5715391ae1d4f137653e7906c5e2115,SOL,127.35,5.47,696.6,BUY,09-03-2025 22:37,4539.51,Open Long,0.0,0xfc8e207de918d4835e4b041f3942b8020391009b618d39e45c6522b1ded230b7,78428489907,True,0.174151,327000000000000.0,1740000000000.0
0xb899e522b5715391ae1d4f137653e7906c5e2115,SOL,127.49,78.43,9999.04,SELL,09-03-2025 22:38,6645.67,Close Long,11.121374,0xc89ce8d0c276c4717761041f3944000201fb00fe87514a19e2b04ec5d02ee195,78428682687,True,2.49976,698000000000000.0,1740000000000.0
0xb899e522b5715391ae1d4f137653e7906c5e2115,SOL,127.47,54.92,7000.65,SELL,09-03-2025 22:38,5016.35,Close Long,6.689256,0xc89ce8d0c276c4717761041f3944000201fb00fe87514a19e2b04ec5d02ee195,78428682687,True,1.750163,163000000000000.0,1740000000000.0
0xb899e522b5715391ae1d4f137653e7906c5e2115,SOL,124.93,20.0,2498.6,BUY,10-03-2025 6:03,433.49,Open Long,0.0,0xb64349f0645bc0e67690041f3e6f400204bd00a4491c4bcfdec996aa6e4c5883,78533200696,True,0.62465,455000000000000.0,1740000000000.0
0xb899e522b5715391ae1d4f137653e7906c5e2115,SOL,121.67,61.65,7500.96,BUY,11-03-2025 10:35,-7484.46,Close Short,-83.00556,0x7a534e7861d8e523d60f041f5225770203530025a2095b7ee5904c3dcae80c82,78951366931,True,1.875238,226000000000000.0,1740000000000.0
0xb899e522b5715391ae1d4f137653e7906c5e2115,BTC,83447.0,2.60627,217485.41,SELL,12-03-2025 7:13,-20.40055,Open Short,0.0,0xa41fd61332fd96bfe5c2041f6074ed0201d40067459fd46f1f19199cb1ae798b,79211580341,True,54.371353,687000000000000.0,1740000000000.0
0xb899e522b5715391ae1d4f137653e7906c5e2115,BTC,82001.0,0.4,32800.4,BUY,14-03-2025 08:34,-17.94543,Close Short,27.6,0xfe4563b7566aa9542752041f82d57f01a80066701fd21c56cb063e30bbc6b866,79738612397,True,8.2001,854000000000000.0,1740000000000.0
0xb899e522b5715391ae1d4f137653e7906c5e2115,BTC,83502.0,0.1207,10078.69,BUY,17-03-2025 18:07,-3.90347,Close Short,9.8974,0x792cbeaf3db898ae7fb4041fba8ac40206bc007bec44213f6551f17d442bb5a5,80342990143,True,2.519672,822000000000000.0,1740000000000.0
0xb899e522b5715391ae1d4f137653e7906c5e2115,BTC,87576.0,0.09415,8245.28,BUY,25-03-2025 19:36,-3.7915,Close Short,-17.125885,0xab7d7f6350d8fbdaddef04203f0b9c02021900c7b29e5ccc990b3be72b057187,81731816246,True,2.06132,1050000000000000.0,1740000000000.0
0xb899e522b5715391ae1d4f137653e7906c5e2115,BTC,82858.0,0.10879,9014.12,SELL,30-03-2025 20:18,6.89279,Close Long,9.236271,0x05e709b1ad1e9ec7323a042092342c01ed00e9a866dbb3a24b9c3791604c7f0d,82704363516,True,2.704236,328000000000000.0,1740000000000.0
0xb899e522b5715391ae1d4f137653e7906c5e2115,BTC,82799.0,0.27248,22561.07,SELL,09-04-2025 23:57,2.03278,Close Long,48.283456,0x1924aef77412a43ff573042139a82502036c008c95d43510c83bf7aa1bef6b67,85393220712,True,6.768321,1030000000000000.0,1740000000000.0
0xb899e522b5715391ae1d4f137653e7906c5e2115,BTC,79401.0,0.06297,4999.88,BUY,10-04-2025 23:46,10.42034,Open Long,0.0,0x26c670e525a5e51aa09904214a072601f900a9d63e4780c0930388be7771d69b,85658929137,True,1.499964,1060000000000000.0,1740000000000.0
0x2c229d22b100a7beb69122eed721cee9b24011dd,kPEPE,0.023535,2165.0,50.95,BUY,14-11-2024 07:22,452671.0,Open Long,0.0,0xdb3c32cd9adea12dde800416be2a71020276003d42b2b66b6f3431cae212141e,47069909569,True,0.017833,57900000000000.0,1730000000000.0
0x2c229d22b100a7beb69122eed721cee9b24011dd,kFLOKI,0.25295,4151.0,1050.0,SELL,16-11-2024 01:41,49910.0,Close Long,97.490386,0x511793ff9f997490d93b0416e31bdc01ea00773b07f62f80f81ad624729e96f0,47617688500,True,0.367498,645000000000000.0,1730000000000.0
0x2c229d22b100a7beb69122eed721cee9b24011dd,PNUT,1.7292,259.5,448.73,SELL,18-11-2024 02:40,1730.1,Close Long,5.047275,0x58c894654afb6517a99c04170db424020148008fb1f8b8355e3a65218333deca,48107176840,True,0.157054,786000000000000.0,1730000000000.0
0x2c229d22b100a7beb69122eed721cee9b24011dd,SOL,255.01,19.78,5044.1,BUY,22-11-2024 03:36,138.06,Open Long,0.0,0xf98e0dcd1a0adb7db832041761a0c30201b400364ee4c451230f8b0c35b7fc6c,49122586774,True,1.765434,169000000000000.0,1730000000000.0
0x2c229d22b100a7beb69122eed721cee9b24011dd,SOL,254.95,51.32,13084.03,BUY,22-11-2024 03:36,342.64,Open Long,0.0,0x12b188048497295e0732041761a0c602010900444e8a4883b596177e1509583f,49122587736,True,4.579411,108000000000000.0,1730000000000.0
0x2c229d22b100a7beb69122eed721cee9b24011dd,MOODENG,0.3072,37.0,11.37,BUY,02-12-2024 20:35,16164.0,Open Long,0.0,0x2b4c8a225a7a2556527904183f404602018900a11e16e1885eddc2fa2de1b247,51980725745,True,0.003978,213000000000000.0,1730000000000.0
0x2c229d22b100a7beb69122eed721cee9b24011dd,PENGU,0.033296,81912.0,2727.34,SELL,31-12-2024 19:51,2826553.0,Close Long,99.604992,0xbddcd0462efd8148220d041a5119cc01fb001de85ba2bbc649d4827e9f9b27bc,59825714974,True,0.954569,423000000000000.0,1740000000000.0
0x2c229d22b100a7beb69122eed721cee9b24011dd,TRUMP,58.778,389.4,22888.15,SELL,20-01-2025 14:30,4287.5,Close Long,-118.68912,0x9149957fa1396ad50861041be92bbe020143006dea92965cffeea7d77661a188,64774751970,True,8.010853,185000000000000.0,1740000000000.0
0x2c229d22b100a7beb69122eed721cee9b24011dd,TRUMP,41.0,5.5,225.5,SELL,21-01-2025 01:08,18.6,Close Long,10.06786,0x1b60bae0e9aec440dbeb041bf3163f02017c00ddb4f217dfbffef3f9ea90391a,64995698520,True,0.078925,1980000000000.0,1740000000000.0
0x2c229d22b100a7beb69122eed721cee9b24011dd,ANIME,0.11483,103.0,11.83,BUY,22-01-2025 15:32,127569.0,Open Long,0.0,0xbfc422a9f0a2c630a911041c1e8702017d003a14299dee4b20439646a068a49f,65567483796,True,0.004139,375000000000000.0,1740000000000.0
0x2c229d22b100a7beb69122eed721cee9b24011dd,ANIME,0.12381,1725.0,213.57,SELL,22-01-2025 16:17,147282.0,Close Long,10.47075,0x4347b628373d917f541a041c1f5f5201d700ef64d1b8b6b4e48a1db4b6b39a19,65574241205,True,0.07475,126000000000000.0,1740000000000.0
0x2c229d22b100a7beb69122eed721cee9b24011dd,PENGU,0.010921,5000.0,54.61,SELL,07-02-2025 19:07,5531576.0,Close Long,-1.7,0x80702c9fae151208032c041d50581f02016700f4db8e6f50b83e419dc36ba86e,70450625621,False,0.00546,566000000000000.0,1740000000000.0
0x2c229d22b100a7beb69122eed721cee9b24011dd,PENGU,0.010132,49348.0,499.99,SELL,13-02-2025 02:45,5347421.0,Close Long,8.685248,0x118ed60c0dd9e9f8b5a2041da46a9901b20015ac0ad3005dfb5cca01362c477d,71851435939,True,0.174997,556000000000000.0,1740000000000.0
0x2c229d22b100a7beb69122eed721cee9b24011dd,PENGU,0.010036,241531.0,2424.01,SELL,13-02-2025 02:47,4450259.0,Close Long,19.32248,0x4c34e9d4961dbc312420041da46e8c02016b00a9ae52364cfb23565e46d8aef8,71851755364,True,0.848401,403000000000000.0,1740000000000.0
0x2c229d22b100a7beb69122eed721cee9b24011dd,PYTH,0.22482,4474.0,1005.84,SELL,15-02-2025 03:44,136570.0,Close Long,25.559962,0x03347e3e59b6fc966d9d041dc502c602013e00d5c1010fa9ae3db18f9354fe9f,72382605046,True,0.352045,960000000000000.0,1740000000000.0
0x2c229d22b100a7beb69122eed721cee9b24011dd,SEI,0.23333,6215.0,1450.15,SELL,20-02-2025 04:56,1566620.0,Close Long,26.91095,0xfc9795ac1a23a58e249f041e167700020116006b2f8bba11d750e18ded73b6d6,73514068650,True,0.507551,336000000000000.0,1740000000000.0
0x2c229d22b100a7beb69122eed721cee9b24011dd,SEI,0.22966,185.0,42.49,SELL,20-02-2025 05:04,827132.0,Close Long,0.1221,0xff2c360e7cac22b9efb4041e168cd00201ce005e87401823cbab3e4bbc874499,73515153735,False,0.004248,1090000000000000.0,1740000000000.0
0x2c229d22b100a7beb69122eed721cee9b24011dd,KAITO,1.5692,7.0,10.98,BUY,05-03-2025 8:17,47866.0,Open Long,0.0,0x1b4e525ab1eb7051326c041eed9a080164005fea682b529b710cea0f22382fc9,77256954503,True,0.003844,72600000000000.0,1740000000000.0
0x2c229d22b100a7beb69122eed721cee9b24011dd,POPCAT,0.17425,4380.0,763.21,BUY,13-03-2025 17:42,6924.0,Open Long,0.0,0x453afab2789db767bc7c041f787a690202d0000115ef4f4fed1058a02f344edf,79587730819,True,0.267125,871000000000000.0,1740000000000.0
0x2c229d22b100a7beb69122eed721cee9b24011dd,RSR,0.006231,67974.0,423.55,SELL,03-04-2025 3:33,405673.0,Close Long,4.554258,0x2a466a56863d17e2774e0420c8d69401c900b031d508273e0f1fc8df36a5fff4,83497055942,True,0.148241,677000000000000.0,1740000000000.0
0xbee1707d6b44d4d52bfe19e41f8a828645437aab,@107,13.19,1.81,23.87,SELL,10-12-2024 11:09,60873.41801,Sell,-0.266679,0x0000000000000000000000000000000000000000000000000000000000000000,54191195956,False,0.0,194000000000000.0,1730000000000.0
0xbee1707d6b44d4d52bfe19e41f8a828645437aab,@107,13.77,200.99,2767.63,BUY,10-12-2024 18:22,35981.85528,Buy,0.0,0x01b68a588262c983c8690418e37be7020157003a51d61ac8df751337eb86dfe3,54247398602,False,0.0,331000000000000.0,1730000000000.0
0xbee1707d6b44d4d52bfe19e41f8a828645437aab,@107,13.2,202.01,2666.53,BUY,10-12-2024 21:21,50573.91528,Buy,0.0,0xac9ee452fd71c41a40c40418e6123b0203b50087cd6c54ce203dcafe1571cee3,54260350336,False,0.0,579000000000000.0,1730000000000.0
0xbee1707d6b44d4d52bfe19e41f8a828645437aab,@107,13.821,10.0,138.21,SELL,11-12-2024 10:02,59722.17423,Sell,2.913999,0xc64b313b3981518efd7d0418f10c9901b80006ad545311af7abe1c8492dffcc9,54568276762,True,0.034552,242000000000000.0,1730000000000.0
0xbee1707d6b44d4d52bfe19e41f8a828645437aab,@107,13.81,6.36,87.83,SELL,11-12-2024 10:04,57974.79423,Sell,1.783343,0x0000000000000000000000000000000000000000000000000000000000000000,54568643026,False,0.0,825000000000000.0,1730000000000.0
0xbee1707d6b44d4d52bfe19e41f8a828645437aab,@107,13.81,18.6,256.87,SELL,11-12-2024 10:04,57968.43423,Sell,5.215437,0x0000000000000000000000000000000000000000000000000000000000000000,54568643026,False,0.0,49500000000000.0,1730000000000.0
0xbee1707d6b44d4d52bfe19e41f8a828645437aab,@107,13.84,1.96,27.13,SELL,11-12-2024 10:05,55081.22423,Sell,0.608384,0x0000000000000000000000000000000000000000000000000000000000000000,54568538876,False,0.0,507000000000000.0,1730000000000.0
0xbee1707d6b44d4d52bfe19e41f8a828645437aab,@107,13.8,17.67,243.85,SELL,11-12-2024 10:07,53099.92423,Sell,4.777965,0x0000000000000000000000000000000000000000000000000000000000000000,54569142293,False,0.0,763000000000000.0,1730000000000.0
0xbee1707d6b44d4d52bfe19e41f8a828645437aab,@107,14.33,31.99,458.42,SELL,11-12-2024 16:56,41907.26423,Sell,25.60479,0x0000000000000000000000000000000000000000000000000000000000000000,54505446110,False,0.0,321000000000000.0,1730000000000.0
0xbee1707d6b44d4d52bfe19e41f8a828645437aab,@107,17.77,23.99,426.3,SELL,12-12-2024 12:43,14863.47773,Sell,72.119377,0xabf2e62f2dc758c778b3041908157401b600bab6fea93df1f1f7429b379a915a,54853724314,False,0.0,877000000000000.0,1730000000000.0
0xbee1707d6b44d4d52bfe19e41f8a828645437aab,@107,18.22,1.31,23.87,SELL,12-12-2024 14:05,11557.74094,Sell,1.730811,0x0000000000000000000000000000000000000000000000000000000000000000,54864893050,False,0.0,1130000000000000.0,1730000000000.0
0xbee1707d6b44d4d52bfe19e41f8a828645437aab,@107,18.186,50.57,919.67,SELL,12-12-2024 14:05,7793.740939,Sell,65.095198,0x3dff3731d2cd17b6c949041909467b0185004ec637d94f73aca9bf425d485476,54864988609,True,0.229916,376000000000000.0,1730000000000.0
0xbee1707d6b44d4d52bfe19e41f8a828645437aab,@107,18.2,1.39,25.3,SELL,12-12-2024 14:06,6905.780939,Sell,1.80871,0x0000000000000000000000000000000000000000000000000000000000000000,54865003471,False,0.0,504000000000000.0,1730000000000.0
0xbee1707d6b44d4d52bfe19e41f8a828645437aab,@107,18.28,0.63,11.52,SELL,12-12-2024 19:01,3900.227971,Sell,0.671292,0x0000000000000000000000000000000000000000000000000000000000000000,54916704062,False,0.0,1090000000000000.0,1730000000000.0
0xbee1707d6b44d4d52bfe19e41f8a828645437aab,@107,20.955,94.35,1977.1,BUY,14-12-2024 09:00,32579.13257,Buy,0.0,0x54eddbc34717a8d8473604192e803d018e00dc9214da6b654fb29135851221cd,55327605758,True,0.02830498,396000000000000.0,1730000000000.0
0xbee1707d6b44d4d52bfe19e41f8a828645437aab,@107,26.3,455.98,11992.27,BUY,16-12-2024 13:46,33445.933,Buy,0.0,0x624e128a566baa2f5bca04195c257d01ca0002e47ce0d7673f77eceabdd8047d,55731766860,False,0.02279897,858000000000000.0,1730000000000.0
0xbee1707d6b44d4d52bfe19e41f8a828645437aab,@107,28.13,3.2,90.02,SELL,17-12-2024 00:18,38567.44377,Sell,19.268869,0x0000000000000000000000000000000000000000000000000000000000000000,55849992661,False,0.0045,582000000000000.0,1730000000000.0
0xbee1707d6b44d4d52bfe19e41f8a828645437aab,@107,28.5,17.54,499.89,SELL,17-12-2024 12:13,30903.41822,Sell,96.586529,0x87a0e796947fd86ffd0704196f6103017c00b5e86aa684742b7c5b131b22ecdc,55950644720,True,0.149967,907000000000000.0,1730000000000.0
0xbee1707d6b44d4d52bfe19e41f8a828645437aab,@107,24.9,10.0,249.0,SELL,18-12-2024 10:26,41597.85878,Sell,-3.161123,0x06ac2090a37a03f45b210419825ee50201e60088671db97fe953c5925295b821,56186928526,False,0.01245,285000000000000.0,1730000000000.0
0xbee1707d6b44d4d52bfe19e41f8a828645437aab,@107,25.589,10.0,255.89,SELL,18-12-2024 10:40,42940.83217,Sell,3.785058,0xf081470530d53df4c10a041982931802021700120c292ce91f2b37dce514875f,56189639093,True,0.076767,461000000000000.0,1730000000000.0
0xbee1707d6b44d4d52bfe19e41f8a828645437aab,@107,25.18,146.14,3679.81,SELL,19-12-2024 11:00,39024.8641,Sell,14.505955,0x42d6fdce42301625014e04199765930185005404413acd6503df1926e39c4258,56527556629,False,0.18399,649000000000000.0,1730000000000.0
0xbee1707d6b44d4d52bfe19e41f8a828645437aab,@107,25.4,0.5,12.7,SELL,19-12-2024 13:12,31548.19021,Sell,0.104341,0x0000000000000000000000000000000000000000000000000000000000000000,56534467984,False,0.000635,83200000000000.0,1730000000000.0
0xbee1707d6b44d4d52bfe19e41f8a828645437aab,@107,25.42,7.12,180.99,SELL,19-12-2024 13:14,25261.44021,Sell,1.628207,0x0000000000000000000000000000000000000000000000000000000000000000,56546773103,False,0.009049,932000000000000.0,1730000000000.0
0xbee1707d6b44d4d52bfe19e41f8a828645437aab,@107,25.386,66.0,1675.48,SELL,19-12-2024 13:14,23440.99021,Sell,12.848927,0xfb923e27adb051fbb30e041999512902019400f8e7befa85b4754067203f452b,56546854923,True,0.502642,30100000000000.0,1730000000000.0
0xbee1707d6b44d4d52bfe19e41f8a828645437aab,@107,25.42,19.67,500.01,SELL,19-12-2024 13:19,6663.050211,Sell,4.49815,0x4b2fc77eac1fde040e7904199962d501ed00462b49418fc30a9201fc33360eaa,56547627362,False,0.025,441000000000000.0,1730000000000.0
0xbee1707d6b44d4d52bfe19e41f8a828645437aab,@107,25.42,20.0,508.4,SELL,19-12-2024 13:19,6255.850211,Sell,4.573615,0x9a2952133732823c706d04199963e2019d006c3289953f99b2079908a6300ce0,56547627362,False,0.02542,369000000000000.0,1730000000000.0
0xbee1707d6b44d4d52bfe19e41f8a828645437aab,@107,25.44,0.86,21.88,SELL,19-12-2024 13:21,1442.560211,Sell,0.213866,0x0000000000000000000000000000000000000000000000000000000000000000,56547743673,False,0.001093,1040000000000000.0,1730000000000.0
0xbee1707d6b44d4d52bfe19e41f8a828645437aab,@107,25.515,18.76,478.66,SELL,19-12-2024 13:52,11411.82631,Sell,1.661867,0xa7acc98acffbf8e1b2a0041999dc0b01c90012999a474eb811f7854e8d6bb8ae,56553118088,True,0.143598,454000000000000.0,1730000000000.0
0xbee1707d6b44d4d52bfe19e41f8a828645437aab,@107,27.0,10.0,270.0,SELL,19-12-2024 17:19,28605.19715,Sell,13.096486,0x515813492b4799a6f18c04199cd03601c60057a56cea9971f181d483054b82af,56586926973,True,0.081,786000000000000.0,1730000000000.0
0xbee1707d6b44d4d52bfe19e41f8a828645437aab,@107,26.601,9.0,239.41,BUY,19-12-2024 17:47,24375.42732,Buy,0.0,0x9dabca05f9a9dc2b4f8b04199d369201c000497e2b432d1ea1ed55bc56a98aa8,56591216828,True,0.00269997,374000000000000.0,1730000000000.0
0xbee1707d6b44d4d52bfe19e41f8a828645437aab,@107,30.056,88.64,2664.16,BUY,20-12-2024 21:19,40674.77108,Buy,0.0,0x72fcb8509618acf0693a0419b2858a02019b00e931ddfc167642171a1f4be5d0,57113783715,True,0.02659199,371000000000000.0,1730000000000.0
0xbee1707d6b44d4d52bfe19e41f8a828645437aab,@107,30.89,68.25,2108.24,SELL,20-12-2024 21:50,24226.32067,Sell,196.44446,0x99740ae4c578b94998860419b2d4cd020238007c1f3b1011f886168202e35657,57123094019,False,0.105412,942000000000000.0,1730000000000.0
0xbee1707d6b44d4d52bfe19e41f8a828645437aab,@107,31.4,50.0,1570.0,SELL,21-12-2024 07:52,25420.27296,Sell,120.670662,0x4dc73e8d0d3435acf3200419b8f1bd020107001b258db162f15cdff7b01cd050,57136812381,False,0.0785,1010000000000000.0,1730000000000.0
0xbee1707d6b44d4d52bfe19e41f8a828645437aab,@107,32.392,10.0,323.92,BUY,21-12-2024 15:10,15326.35396,Buy,0.0,0x35cd686799d13d0c940e0419bd6a240165003c613c7c6f08e25d9f79bfbce37c,57333509146,True,0.00299996,124000000000000.0,1730000000000.0
0xbee1707d6b44d4d52bfe19e41f8a828645437aab,@107,33.3,7.93,264.07,SELL,21-12-2024 19:41,21069.75328,Sell,18.094117,0x0000000000000000000000000000000000000000000000000000000000000000,57391743190,False,0.013203,911000000000000.0,1730000000000.0
0xbee1707d6b44d4d52bfe19e41f8a828645437aab,@107,31.8,0.38,12.08,BUY,21-12-2024 21:53,18475.19776,Buy,0.0,0x0000000000000000000000000000000000000000000000000000000000000000,57436729855,False,1.899e-05,948000000000000.0,1730000000000.0
0xbee1707d6b44d4d52bfe19e41f8a828645437aab,ETH,3367.2,3.0872,10395.22,BUY,21-12-2024 22:18,-41.2008,Close Short,246.35856,0x554f0bdc8eaefb47f4d00419c1b68d02030c004b2c31722a30fe015d51b06e19,57444455074,True,3.118565,238000000000000.0,1730000000000.0
0xbee1707d6b44d4d52bfe19e41f8a828645437aab,@107,29.302,7.63,223.57,BUY,23-12-2024 04:32,22756.60912,Buy,0.0,0x75f185fe175627c4df7e0419d3c1570201b000b9cb7a3be66d72e90d954dd3e4,57849860814,True,0.00228899,259000000000000.0,1730000000000.0
0xbee1707d6b44d4d52bfe19e41f8a828645437aab,@107,27.8,268.78,7472.08,BUY,23-12-2024 10:28,21208.75279,Buy,0.0,0x0000000000000000000000000000000000000000000000000000000000000000,57943104663,False,0.01343899,240000000000000.0,1730000000000.0
0xbee1707d6b44d4d52bfe19e41f8a828645437aab,@107,29.435,15.0,441.52,SELL,23-12-2024 15:37,16743.93778,Sell,35.323714,0xf7bdcfc7c365419efbae0419da384d01f300e0324ebf389d88e4c5c78bc6f108,58000121239,True,0.132457,1070000000000000.0,1730000000000.0
0xbee1707d6b44d4d52bfe19e41f8a828645437aab,@107,29.353,68.65,2015.08,SELL,23-12-2024 15:38,14872.14778,Sell,156.035563,0x54523378760faac814d70419da390101b0002feaf8f9822db8afecc996e7b3f3,58000167590,True,0.604525,1040000000000000.0,1730000000000.0
0xbee1707d6b44d4d52bfe19e41f8a828645437aab,@107,27.396,3.65,100.0,BUY,23-12-2024 16:43,9906.176797,Buy,0.0,0xf50e898ace6267f62bc30419dae07d0203e600ee40f3fa96e21a1b5ef61c60f8,58012050313,True,0.00109497,185000000000000.0,1730000000000.0
0xbee1707d6b44d4d52bfe19e41f8a828645437aab,@107,26.734,73.07,1953.45,SELL,23-12-2024 19:44,13862.64684,Sell,-12.966236,0x7b05ef4db24a645f4dd80419dcb3700201ca00347abb7c99ecd9956fba2f554e,58047997132,True,0.586036,1070000000000000.0,1730000000000.0
0xbee1707d6b44d4d52bfe19e41f8a828645437aab,@107,25.8,20.59,531.22,SELL,23-12-2024 20:45,4098.659916,Sell,2.210764,0x0000000000000000000000000000000000000000000000000000000000000000,58067224989,False,0.026561,975000000000000.0,1730000000000.0
0xbee1707d6b44d4d52bfe19e41f8a828645437aab,@107,26.25,20.37,534.71,SELL,26-12-2024 11:40,8995.122124,Sell,2.198817,0x5dbe9372d36de712f333041a03065f0192000a6680ce91d6c11d2ec2f092cdf1,58700522720,True,0.160413,347000000000000.0,1740000000000.0
0xbee1707d6b44d4d52bfe19e41f8a828645437aab,@107,26.204,1282.7,33611.87,SELL,26-12-2024 11:40,6945.722124,Sell,79.455382,0x5dbe9372d36de712f333041a03065f0192000a6680ce91d6c11d2ec2f092cdf1,58700522720,True,10.083561,50800000000000.0,1740000000000.0
0xbee1707d6b44d4d52bfe19e41f8a828645437aab,@107,26.23,5.78,151.61,SELL,26-12-2024 11:42,3135.252124,Sell,0.508316,0x115aae61990a9c017d40041a030b8e0201bd00b77d4c3063b8af82c028fc2f5a,58700776665,True,0.045482,7390000000000.0,1740000000000.0
0xbee1707d6b44d4d52bfe19e41f8a828645437aab,@107,20.219,5.0,101.09,SELL,20-01-2025 05:14,1552.474251,Sell,-4.360306,0x70f38f7108bcc7c580c6041be115f40201800032247c6eb98c522152726cac9a,64561785501,True,0.035383,604000000000000.0,1740000000000.0
0xbee1707d6b44d4d52bfe19e41f8a828645437aab,@107,19.462,70.44,1370.9,SELL,20-01-2025 06:35,1247.477129,Sell,-71.100232,0x64f60be6b1bdb04dec18041be23e5a020255006955272d26c518936b1112346e,64605509781,True,0.479816,276000000000000.0,1740000000000.0
0xbee1707d6b44d4d52bfe19e41f8a828645437aab,@107,21.778,37.5,816.67,BUY,24-01-2025 03:31,1239.847467,Buy,0.0,0xbd938472811bc8778b5f041c473e7001860079368b9989a4771beb89046d61d1,66044850546,True,0.01312498,615000000000000.0,1740000000000.0
0xbee1707d6b44d4d52bfe19e41f8a828645437aab,@107,25.373,8.41,213.39,BUY,30-01-2025 14:06,110.8169121,Buy,0.0,0x3bb8833ed83ad340894d041ccbc1fb01a1002b8fcc04e69ffc6d733e84dacc24,67706206241,True,0.00294348,253000000000000.0,1740000000000.0
0xbee1707d6b44d4d52bfe19e41f8a828645437aab,HYPE,26.897,22.17,596.31,BUY,30-01-2025 19:18,-1207.7,Close Short,3.438567,0x78438a6447a619ef7706041ccf3ac901d800b08698a460e1d1cda1df5d1d9e12,67753301883,True,0.208707,447000000000000.0,1740000000000.0
0xbee1707d6b44d4d52bfe19e41f8a828645437aab,@107,26.824,137.89,3698.76,BUY,31-01-2025 19:05,455.8504126,Buy,0.0,0x3488e72a6c8f14d5df63041cdf347d01f500ee38b01fffd4336a27194d5535a5,67980999025,True,0.04826148,929000000000000.0,1740000000000.0
0xbee1707d6b44d4d52bfe19e41f8a828645437aab,@107,22.27,87.28,1943.73,BUY,03-02-2025 9:48,2868.94188,Buy,0.0,0xf007998f26c4344f88f3041d0947820203e20044ba5a6ecbe563ea5ee68bbe3a,68835825458,True,0.03054795,258000000000000.0,1740000000000.0
0xbee1707d6b44d4d52bfe19e41f8a828645437aab,@107,23.033,16.32,375.9,BUY,03-02-2025 17:24,837.2613752,Buy,0.0,0x5256e5f64d36f4d5eede041d0e7aa9020109003dee53d6404ea7bc6594b06800,68985053384,True,0.00571197,190000000000000.0,1740000000000.0
0xbee1707d6b44d4d52bfe19e41f8a828645437aab,HYPE,24.441,22.64,553.34,SELL,03-02-2025 20:34,-1038.68,Open Short,0.0,0xda3501deb2e2dc13f680041d1095ab0203e700989451f74c077effe28b3c3429,69052370563,True,0.19367,341000000000000.0,1740000000000.0
0xbee1707d6b44d4d52bfe19e41f8a828645437aab,HYPE,25.697,77.83,2000.0,SELL,04-02-2025 17:14,-175.47,Open Short,0.0,0x972c0e462ca2f85d22a7041d1e89ab02015700a85b8aa2164faa52146bc514cd,69411526911,True,0.699999,737000000000000.0,1740000000000.0
0xbee1707d6b44d4d52bfe19e41f8a828645437aab,HYPE,26.255,78.81,2069.16,SELL,04-02-2025 18:28,-2052.5,Open Short,0.0,0xb9b060faa1bc88c7c602041d1f610c0201170025391bb24c44030f6b518539f9,69430982469,True,0.724204,92700000000000.0,1740000000000.0
0xbee1707d6b44d4d52bfe19e41f8a828645437aab,HYPE,26.24,0.79,20.73,SELL,04-02-2025 18:28,-2528.56,Open Short,0.0,0xb9b060faa1bc88c7c602041d1f610c0201170025391bb24c44030f6b518539f9,69430982469,True,0.007255,1020000000000000.0,1740000000000.0
0xbee1707d6b44d4d52bfe19e41f8a828645437aab,@107,23.402,87.65,2051.19,SELL,08-02-2025 19:21,2459.277998,Sell,-16.752116,0x099c145e3ba4ed4fc95c041d60a25802018100a9e510b26804d9ed79d96709cb,70735923260,True,0.717914,212000000000000.0,1740000000000.0
0xbee1707d6b44d4d52bfe19e41f8a828645437aab,HYPE,25.341,1.33,33.7,SELL,13-02-2025 04:18,-1027.43,Open Short,0.0,0xa42ee59459fb22734b2a041da552910201b40094fde86ea8e943419b00187b7e,71866903142,True,0.011796,224000000000000.0,1740000000000.0
0xbee1707d6b44d4d52bfe19e41f8a828645437aab,HYPE,25.6,334.18,8555.01,SELL,14-02-2025 01:26,-624.21,Open Short,0.0,0xdf1901ac6f07a15f2b8c041db34f6d010f00de0c3d7b21155ddff649fe72dc83,72006066937,False,0.8555,1020000000000000.0,1740000000000.0
0xbee1707d6b44d4d52bfe19e41f8a828645437aab,HYPE,27.942,8.5,237.51,BUY,14-02-2025 22:51,-3340.3,Close Short,-7.73075,0x5f723ab6a4a82a2891a8041dc1b0950201b900a964c9aacb2b5ae1794f4ebd98,72320103695,True,0.083127,916000000000000.0,1740000000000.0
0xbee1707d6b44d4d52bfe19e41f8a828645437aab,@107,26.095,3.5,91.33,BUY,15-02-2025 05:14,30.94853257,Buy,0.0,0x7f6a82975ecbda07d07a041dc600da02016900dacdfb5c5060644770e5d0b875,72398199131,True,0.00122498,670000000000000.0,1740000000000.0
0xbee1707d6b44d4d52bfe19e41f8a828645437aab,@107,26.097,0.49,12.79,BUY,15-02-2025 05:14,35.42696465,Buy,0.0,0x7f6a82975ecbda07d07a041dc600da02016900dacdfb5c5060644770e5d0b875,72398199131,True,0.00017147,4730000000000.0,1740000000000.0
0xbee1707d6b44d4d52bfe19e41f8a828645437aab,HYPE,26.117,22.81,595.73,BUY,16-02-2025 20:15,-208.08,Close Short,8.083864,0x77c1a5027acbd5e6ba3a041ddfc82702016000c7b5c102edd87ab304da8ad58f,72695466277,True,0.208505,561000000000000.0,1740000000000.0
0xbee1707d6b44d4d52bfe19e41f8a828645437aab,@107,25.488,29.42,749.86,BUY,17-02-2025 13:03,2015.526953,Buy,0.0,0x02ba4b9f8113d2b57c6e041deafbba020218007b388ecf1c26a6689bd6e5d299,72840800865,True,0.01029696,42300000000000.0,1740000000000.0
0xbee1707d6b44d4d52bfe19e41f8a828645437aab,@107,24.2,88.8,2148.96,BUY,18-02-2025 15:06,5774.645744,Buy,0.0,0xb324840c9c06d750e5ce041dfca4af0188002d19041b561b6a557a1ae365e356,73123116024,False,0.00888,832000000000000.0,1740000000000.0
0xbee1707d6b44d4d52bfe19e41f8a828645437aab,@107,23.8,312.02,7426.08,BUY,18-02-2025 16:24,5756.52624,Buy,0.0,0xebbf765387855ef5b569041dfd8553010500b269b9b41d61f14458c42649a392,73132420859,False,0.03120197,104000000000000.0,1740000000000.0
0xbee1707d6b44d4d52bfe19e41f8a828645437aab,@107,24.7,77.09,1904.12,SELL,18-02-2025 19:52,4045.301579,Sell,9.208878,0x683af2125cac6cb09cb1041dffdb6a02012900eafe492551e45ae1a3d803e878,73168869536,False,0.190412,989000000000000.0,1740000000000.0
0xbee1707d6b44d4d52bfe19e41f8a828645437aab,@107,22.5,50.37,1133.33,BUY,18-02-2025 23:07,5387.771611,Buy,0.0,0x757489337dc8c76bf8c7041e021a1a0203620072c007bc9e168ab112eba16cf9,73178452367,False,0.00503697,249000000000000.0,1740000000000.0
0xbee1707d6b44d4d52bfe19e41f8a828645437aab,@107,23.26,85.72,1993.85,SELL,19-02-2025 12:24,3797.148802,Sell,24.952881,0x4c084231dd238512de31041e0b2a0c020144004df924c687acdbfc888e8fddd4,73349913719,True,0.697846,810000000000000.0,1740000000000.0
0xbee1707d6b44d4d52bfe19e41f8a828645437aab,HYPE,25.128,5.0,125.64,SELL,21-02-2025 12:33,-1201.44,Open Short,0.0,0xc64f8846465fdda3f5d7041e2bd03602019a00598f47aaa599eada7d2fabf79b,73797264770,True,0.043974,411000000000000.0,1740000000000.0
0xbee1707d6b44d4d52bfe19e41f8a828645437aab,HYPE,25.113,200.63,5038.42,SELL,21-02-2025 12:34,-3364.74,Open Short,0.0,0x53046d1d7def5d713af7041e2bd4510203c40034ebdf262241da1de9cbde0ef1,73797454731,True,1.763447,190000000000000.0,1740000000000.0
0xbee1707d6b44d4d52bfe19e41f8a828645437aab,@107,22.646,30.17,683.23,SELL,24-02-2025 07:06,6718.616466,Sell,-18.675754,0x941f8e8c50a75e23a701041e5888fe0202d900e11880e37914ec4f55f12e03f0,74343276722,True,0.23913,829000000000000.0,1740000000000.0
0xbee1707d6b44d4d52bfe19e41f8a828645437aab,HYPE,21.904,48.96,1072.42,SELL,24-02-2025 10:46,9040.38,Close Long,-38.149632,0x701e3816baaeb5794115041e5b0bb10204c100ec74673e0b68deb4a994fbbcd5,74386370546,True,0.375346,969000000000000.0,1740000000000.0
0xbee1707d6b44d4d52bfe19e41f8a828645437aab,HYPE,21.809,58.15,1268.19,SELL,24-02-2025 10:52,7547.5,Close Long,-50.83473,0x8b7fd3cd413b1f820713041e5b1e5c02011200217642d54cf4b9cb221e96b94b,74387401799,True,0.443867,710000000000000.0,1740000000000.0
0xbee1707d6b44d4d52bfe19e41f8a828645437aab,HYPE,20.273,78.92,1599.95,BUY,25-02-2025 04:46,16089.51,Open Long,0.0,0xed552fd3cbc015b7e124041e6762c4016000488ba89064678c31153b305d97fd,74589104860,True,0.55998,541000000000000.0,1740000000000.0
0xbee1707d6b44d4d52bfe19e41f8a828645437aab,@107,18.803,0.66,12.41,SELL,25-02-2025 08:50,1357.099467,Sell,-0.716255,0x564421ecae9156ce4693041e6a2768020234000b7c402421f411b36db6e1dcc9,74657177883,True,0.004343,404000000000000.0,1740000000000.0
0xbee1707d6b44d4d52bfe19e41f8a828645437aab,@107,18.073,94.33,1704.83,BUY,25-02-2025 09:32,3201.47566,Buy,0.0,0xd5ad05b7ff4c22087acd041e6aa1d90209cb00ef60d226412f9de65e00d89c28,74667304697,True,0.03301549,955000000000000.0,1740000000000.0
0xbee1707d6b44d4d52bfe19e41f8a828645437aab,@107,18.598,106.96,1989.24,BUY,25-02-2025 10:06,1559.570257,Buy,0.0,0x739b44ff8fdc2b15a6aa041e6b022b0206d90035cd2ab2afebaf9b36046cd6b5,74677048220,True,0.03743596,491000000000000.0,1740000000000.0
0xbee1707d6b44d4d52bfe19e41f8a828645437aab,@107,19.194,18.27,350.67,SELL,25-02-2025 10:45,448.8224673,Sell,8.988615,0x9c66bbac2ed8c0737b7e041e6b731002078200d9473fa6a324c74a1a8f1a2096,74687886220,True,0.122736,269000000000000.0,1740000000000.0
0xbee1707d6b44d4d52bfe19e41f8a828645437aab,HYPE,19.6,27.2,533.12,BUY,25-02-2025 22:36,-3362.26,Close Short,5.21152,0xcdc48143a3a798e81c04041e738706020189000667fd1198ac75b123cfacccc4,74905266040,False,0.053312,158000000000000.0,1740000000000.0
0xbee1707d6b44d4d52bfe19e41f8a828645437aab,HYPE,20.742,29.79,617.9,SELL,26-02-2025 07:04,-1997.62,Open Short,0.0,0x1ab8f0ee8313a1224726041e79593301fa003a69c7f6c791cc54e3f9e382bd99,75027373747,True,0.185371,1030000000000000.0,1740000000000.0
0xbee1707d6b44d4d52bfe19e41f8a828645437aab,@107,19.5,341.5,6659.25,BUY,26-02-2025 18:26,1065.593136,Buy,0.0,0xc25f88b5c899c37b193f041e812eb70206c4004f3f28495d9b1874ea811fdb1f,75141849297,False,0.01707497,504000000000000.0,1740000000000.0
0xbee1707d6b44d4d52bfe19e41f8a828645437aab,@107,18.51,533.98,9883.97,BUY,27-02-2025 01:22,2237.818943,Buy,0.0,0xd2beeb954f25690a2758041e85f4940203ac009de120923faddea21b4aecb261,75126922442,False,0.02669897,1020000000000000.0,1740000000000.0
0xbee1707d6b44d4d52bfe19e41f8a828645437aab,HYPE,20.68,4.03,83.34,SELL,27-02-2025 11:01,-3233.09,Open Short,0.0,0x03ca9677047875caabed041e8ca3c602024700f8a92b9a154c17b1c900208841,75428742174,False,0.004167,428000000000000.0,1740000000000.0
0xbee1707d6b44d4d52bfe19e41f8a828645437aab,HYPE,20.68,10.84,224.17,SELL,27-02-2025 11:01,-3251.2,Open Short,0.0,0x0000000000000000000000000000000000000000000000000000000000000000,75428742174,False,0.011208,362000000000000.0,1740000000000.0
0xbee1707d6b44d4d52bfe19e41f8a828645437aab,HYPE,20.735,1.18,24.47,BUY,27-02-2025 12:33,-15578.1,Close Short,0.004838,0x4c9d2d74c3dc72e70412041e8db6df02015200e71fc3cc3ddb7d44f82686b851,75444027222,True,0.00734,990000000000000.0,1740000000000.0
0xbee1707d6b44d4d52bfe19e41f8a828645437aab,HYPE,20.763,24.18,502.05,SELL,27-02-2025 14:36,-418.84,Open Short,0.0,0x1667207abc4dd2635353041e8f24df014800e94ba0095f952580386e738fc7dc,75463640304,True,0.150614,1030000000000000.0,1740000000000.0
0xbee1707d6b44d4d52bfe19e41f8a828645437aab,@107,19.169,7.53,144.34,BUY,01-03-2025 17:23,423.9857102,Buy,0.0,0x2a1b519c58b7f2779ec6041eb24d4401d400911e9d303f5167eb3788f605985f,76097121129,True,0.00225895,134000000000000.0,1740000000000.0
0xbee1707d6b44d4d52bfe19e41f8a828645437aab,@107,16.347,6.72,109.85,SELL,04-03-2025 8:48,7308.534209,Sell,-9.582612,0x79bee4740af8c8bf0a42041ede07300202d800bbac77319db1e9694fb02224d7,76898830261,True,0.032955,401000000000000.0,1740000000000.0
0xbee1707d6b44d4d52bfe19e41f8a828645437aab,HYPE,16.383,47.56,779.18,BUY,04-03-2025 8:49,533.27,Open Long,0.0,0x5e850abe6ef7c7cd442b041ede08c70202d500be14c56149df2705ed37a44465,76899018833,True,0.233752,256000000000000.0,1740000000000.0
0xbee1707d6b44d4d52bfe19e41f8a828645437aab,HYPE,16.412,120.06,1970.42,BUY,04-03-2025 8:49,5174.69,Open Long,0.0,0x5e850abe6ef7c7cd442b041ede08c70202d500be14c56149df2705ed37a44465,76899018833,True,0.591127,916000000000000.0,1740000000000.0
0xbee1707d6b44d4d52bfe19e41f8a828645437aab,HYPE,16.265,30.12,489.9,BUY,04-03-2025 11:06,18198.77,Open Long,0.0,0x9a7fecae6ed55f757774041edf970b02022f0050ee394cb70b939b6552598f34,76936869254,True,0.14697,24500000000000.0,1740000000000.0
0xbee1707d6b44d4d52bfe19e41f8a828645437aab,HYPE,16.5,14.42,237.93,SELL,04-03-2025 11:34,15678.23,Close Long,4.16017,0x6ac38b5a8043546447c9041edfe5d802025700b27762e9fd0fc73c1cff9ce8e2,76943177794,False,0.011896,158000000000000.0,1740000000000.0
0xbee1707d6b44d4d52bfe19e41f8a828645437aab,HYPE,16.546,121.95,2017.78,BUY,04-03-2025 12:14,11727.91,Open Long,0.0,0x8af1d599dce22d3fa2de041ee05ae901a900d059b456d98a0329a7a67151a4a5,76952041474,True,0.605335,903000000000000.0,1740000000000.0
0xbee1707d6b44d4d52bfe19e41f8a828645437aab,HYPE,16.203,31.0,502.29,SELL,04-03-2025 13:46,19307.8,Close Long,-0.1457,0x8accaa85bc56c97237b2041ee165bf018400627f9f4c5ef6f4ed0dcb20b74a6f,76971345800,True,0.150687,1060000000000000.0,1740000000000.0
0xbee1707d6b44d4d52bfe19e41f8a828645437aab,HYPE,16.412,3.0,49.24,SELL,04-03-2025 16:17,17124.5,Close Long,0.7752,0x016582402942c88a778e041ee318c20202ef005901cc5dbf461c8bfac92c29dd,77002230225,True,0.01477,833000000000000.0,1740000000000.0
0xbee1707d6b44d4d52bfe19e41f8a828645437aab,@107,16.51,1.23,20.31,SELL,04-03-2025 16:45,1730.561928,Sell,0.13445,0x54a95191683a43131cbe041ee362b90204e2006b837a648bd44f5cb10e4ff6e2,77007811706,True,0.006092,537000000000000.0,1740000000000.0
0xbee1707d6b44d4d52bfe19e41f8a828645437aab,@107,15.947,122.92,1960.21,BUY,04-03-2025 17:42,1914.792962,Buy,0.0,0x7ac5773b51dd778e3cb2041ee3f9e302095a009eac09d6f1d35c1a4b99d62db3,77018937943,True,0.03687596,608000000000000.0,1740000000000.0
0xbee1707d6b44d4d52bfe19e41f8a828645437aab,@107,16.32,14.41,235.17,SELL,04-03-2025 18:13,2479.473348,Sell,3.126215,0xc91bbcfea4c86477e3b2041ee43b670206b600f630c2a19b327f98735706114f,77025062752,True,0.070551,578000000000000.0,1740000000000.0
0xbee1707d6b44d4d52bfe19e41f8a828645437aab,@107,17.697,62.85,1112.26,SELL,05-03-2025 3:27,3961.759447,Sell,114.418708,0xaf3c86de695a97f7e861041eea5a9e02010400d19c31a405f4abe454301fb328,77202189605,True,0.333676,66500000000000.0,1740000000000.0
0xbee1707d6b44d4d52bfe19e41f8a828645437aab,@107,16.96,42.5,720.8,SELL,05-03-2025 11:14,233.7918897,Sell,-0.279297,0xd7fca0563d9d5cc42786041eef9ac401c8008d708b5e558bbfe44018d2a032b9,77290045563,True,0.216239,915000000000000.0,1740000000000.0
0xbee1707d6b44d4d52bfe19e41f8a828645437aab,HYPE,17.555,12.0,210.66,SELL,06-03-2025 10:36,-980.67,Open Short,0.0,0x88cff9696e7c2b1084b4041effae6f0202a7002ba68c72ea8e35823989a7cae6,77566021160,True,0.063197,324000000000000.0,1740000000000.0
0xbee1707d6b44d4d52bfe19e41f8a828645437aab,HYPE,14.867,538.12,8000.23,BUY,09-03-2025 17:04,536.96,Open Long,0.0,0xb39e062e6a524f6e749b041f3564d201e500117715f03bba6807ef051fa4d557,78362623159,True,2.400069,919000000000000.0,1740000000000.0
0xbee1707d6b44d4d52bfe19e41f8a828645437aab,HYPE,14.367,193.65,2782.17,BUY,10-03-2025 5:17,13027.28,Open Long,0.0,0x29ff928f280c4d4a9d00041f3de7310201ed009a2f9d7983c9eb0919e61246c6,78521687065,True,0.83465,321000000000000.0,1740000000000.0
0xbee1707d6b44d4d52bfe19e41f8a828645437aab,HYPE,14.36,1649.35,23684.67,BUY,10-03-2025 13:58,2746.45,Open Long,0.0,0xbdf1746a641ddbaedf96041f43e3f301fa0102022f35cfff98cad35c82d2f437,78545614563,False,1.184233,338000000000000.0,1740000000000.0
0xbee1707d6b44d4d52bfe19e41f8a828645437aab,HYPE,14.362,13.92,199.92,BUY,10-03-2025 14:03,10212.43,Open Long,0.0,0xa3114328b3cb5fd9b027041f43f31c0202b200a507e881e27a3d0ccb7b1adc2f,78616415486,True,0.059975,812000000000000.0,1740000000000.0
0xbee1707d6b44d4d52bfe19e41f8a828645437aab,HYPE,14.767,41.07,606.48,SELL,10-03-2025 15:10,9718.4,Close Long,16.185687,0x2adca6963561036c2f15041f44b7af01ba003d23240a76860e7440900564b6df,78634102185,True,0.181944,804000000000000.0,1740000000000.0
0xbee1707d6b44d4d52bfe19e41f8a828645437aab,HYPE,13.947,25.34,353.42,SELL,11-03-2025 8:28,970.07,Close Long,21.46298,0xa9dc1cbd8a555b0a42ad041f50b00c019300b85c9c7d4f4c1c460a9e50ecef52,78928367046,True,0.106025,160000000000000.0,1740000000000.0
0xbee1707d6b44d4d52bfe19e41f8a828645437aab,@107,13.626,250.0,3406.5,SELL,12-03-2025 15:10,5172.426889,Sell,92.247808,0xa70e7dffc41a5569eb93041f65fd7b0205ed00334fde0d247d89b4bed6995ff5,79305664839,True,1.021949,1060000000000000.0,1740000000000.0
0xbee1707d6b44d4d52bfe19e41f8a828645437aab,@107,13.345,107.5,1434.59,SELL,12-03-2025 15:10,2801.626889,Sell,9.459058,0x1b090bc55d642775cef2041f65fe6202016a00d53f257570bdbd612a8819bb99,79305726698,True,0.430376,1130000000000000.0,1740000000000.0
0xbee1707d6b44d4d52bfe19e41f8a828645437aab,HYPE,12.892,23.33,300.77,BUY,13-03-2025 11:28,699.23,Open Long,0.0,0x7161db5cd006ff714fcd041f742d4e018d0036da445299ec2c2a18410acd67fa,79529892556,True,0.090231,683000000000000.0,1740000000000.0
0xbee1707d6b44d4d52bfe19e41f8a828645437aab,HYPE,12.876,77.31,995.44,SELL,13-03-2025 12:28,2206.83,Close Long,13.799835,0xda68228d4bbe42d6aea2041f74dd7702010400c9843c1d64a178e117e563cc21,79538473694,True,0.298633,981000000000000.0,1740000000000.0
0xbee1707d6b44d4d52bfe19e41f8a828645437aab,HYPE,12.763,10.2,130.18,SELL,13-03-2025 12:30,2744.94,Close Long,3.37314,0xd3589a56b3be0f60b16c041f74e3840204de0022b9f52c63ab4f5aad5558dbeb,79538780394,True,0.039054,191000000000000.0,1740000000000.0
0xbee1707d6b44d4d52bfe19e41f8a828645437aab,HYPE,12.394,63.97,792.84,SELL,13-03-2025 17:51,1599.56,Close Long,3.761436,0xd642c7690c12700ff5e4041f78944e0202240053a92d9a542ed47e9f873e83c5,79589539721,True,0.237853,536000000000000.0,1740000000000.0
0xbee1707d6b44d4d52bfe19e41f8a828645437aab,HYPE,12.279,157.92,1939.1,SELL,13-03-2025 18:23,1081.61,Close Long,4.169088,0xde4c0ae464d2a512d8b2041f78f3e402027200f7aee59f00ffa413b00c109605,79597905515,True,0.581729,430000000000000.0,1740000000000.0
0xbee1707d6b44d4d52bfe19e41f8a828645437aab,HYPE,13.683,3.0,41.05,BUY,16-03-2025 14:51,3665.8,Open Long,0.0,0x639cf0a0dbfaa6dc2a9b041fa7dd640201b4008fc9fa4147982632fe8ec03037,80116434289,True,0.012314,369000000000000.0,1740000000000.0
0xbee1707d6b44d4d52bfe19e41f8a828645437aab,HYPE,12.939,100.86,1305.03,BUY,17-03-2025 05:08,11064.59,Open Long,0.0,0x86aa6289af2b7fda4ccb041fb1b1c201a4002290d93407bc025dd447b39da473,80245362243,True,0.391508,1020000000000000.0,1740000000000.0
0xbee1707d6b44d4d52bfe19e41f8a828645437aab,HYPE,13.276,31.82,422.44,SELL,18-03-2025 12:57,3706.54,Close Long,10.491054,0xd4ddeb26e5a9c0cc0247041fc7739a018a0069cb7d54e06118eaa5c1bf1c235d,80500468117,True,0.126732,1050000000000000.0,1740000000000.0
0xbee1707d6b44d4d52bfe19e41f8a828645437aab,HYPE,15.049,38.38,577.58,BUY,19-03-2025 19:06,4284.12,Open Long,0.0,0x30802b406408f31100e4041fdc1d0202028900b1baeca46dbcfefea397d168e9,80736494526,True,0.173274,422000000000000.0,1740000000000.0
0xbee1707d6b44d4d52bfe19e41f8a828645437aab,HYPE,15.14,918.97,13913.21,SELL,19-03-2025 19:35,12444.55,Close Long,107.427593,0x6c7e1f70d6759f5c94f7041fdc751902057c00e24197a7bb9fcbe441020d7b8b,80743736552,False,0.69566,160000000000000.0,1740000000000.0
0xbee1707d6b44d4d52bfe19e41f8a828645437aab,HYPE,15.067,329.91,4970.75,BUY,19-03-2025 20:48,4248.81,Open Long,0.0,0xcf9625e1181b25c9922d041fdd54c80203a10072bd0ca74a11dc4da43020abaf,80759183105,True,1.491226,201000000000000.0,1740000000000.0
0xbee1707d6b44d4d52bfe19e41f8a828645437aab,HYPE,15.07,108.55,1635.85,SELL,19-03-2025 21:24,16331.98,Close Long,4.79791,0x0000000000000000000000000000000000000000000000000000000000000000,80764696622,False,0.081792,11500000000000.0,1740000000000.0
0xbee1707d6b44d4d52bfe19e41f8a828645437aab,HYPE,15.06,1.92,28.92,SELL,19-03-2025 21:33,10889.15,Close Long,0.065664,0x0000000000000000000000000000000000000000000000000000000000000000,80766480284,False,0.001445,318000000000000.0,1740000000000.0
0xbee1707d6b44d4d52bfe19e41f8a828645437aab,HYPE,14.778,3.0,44.33,SELL,20-03-2025 14:02,4538.57,Close Long,-0.6462,0x80bcd01ef6bd46302849041fe9310f02026300de91d050af9d5c03b01681a91f,80901360957,True,0.0133,750000000000000.0,1740000000000.0
0xbee1707d6b44d4d52bfe19e41f8a828645437aab,HYPE,14.71,185.81,2733.27,SELL,20-03-2025 16:51,3254.99,Close Long,-21.330988,0xf43a01c7c41c0fa59aa0041feb1f0501790045689bb71594f214594981e7eb7b,80923054248,True,0.819979,185000000000000.0,1740000000000.0
0xbee1707d6b44d4d52bfe19e41f8a828645437aab,HYPE,14.048,13.19,185.29,BUY,21-03-2025 19:31,1668.48,Open Long,0.0,0x0f64b8ed71b542aa11b5041ffd6c670203c50005609250cc7be6407dee0ea419,81117266891,True,0.055587,1000000000000000.0,1740000000000.0
0xbee1707d6b44d4d52bfe19e41f8a828645437aab,HYPE,14.035,124.13,1742.16,BUY,21-03-2025 19:36,5894.66,Open Long,0.0,0xfe8d914431a275b50170041ffd7a1c02018c00729e9ff08abc0573608bb870b1,81118181799,True,0.522649,167000000000000.0,1740000000000.0
0xbee1707d6b44d4d52bfe19e41f8a828645437aab,HYPE,15.927,34.44,548.53,SELL,22-03-2025 05:40,-6826.32,Open Short,0.0,0xc659dd2178ee0339220b0420046ee102017300e7c0d6720c1b14bfc3febf9d4e,81187404019,True,0.164557,695000000000000.0,1740000000000.0
0xbee1707d6b44d4d52bfe19e41f8a828645437aab,HYPE,15.979,31.29,499.98,BUY,22-03-2025 05:45,-4321.87,Close Short,-4.164699,0x8702e060d7d3bbabb5750420047d2201be009b89e694ea996cedd9caf305fffb,81187981258,True,0.149994,328000000000000.0,1740000000000.0
0xbee1707d6b44d4d52bfe19e41f8a828645437aab,HYPE,15.979,73.2,1169.66,SELL,22-03-2025 05:48,-596.33,Open Short,0.0,0xed1d82ecab87d848039804200484f601ae00452505cb9f0724d5290a1186eff7,81188340834,True,0.350898,112000000000000.0,1740000000000.0
0xbee1707d6b44d4d52bfe19e41f8a828645437aab,HYPE,15.971,21.17,338.11,SELL,22-03-2025 05:48,-1213.83,Open Short,0.0,0xed1d82ecab87d848039804200484f601ae00452505cb9f0724d5290a1186eff7,81188340834,True,0.101431,207000000000000.0,1740000000000.0
0xbee1707d6b44d4d52bfe19e41f8a828645437aab,@107,16.04,3.29,52.77,SELL,23-03-2025 19:20,138.8023963,Sell,6.620375,0x0ca24edb811df3235f5c04201ddd42019c0099c5fbc6c05987d43ea58299895c,81381476347,True,0.015831,702000000000000.0,1740000000000.0
0xbee1707d6b44d4d52bfe19e41f8a828645437aab,HYPE,15.479,117.5,1818.78,BUY,23-03-2025 23:43,5983.71,Open Long,0.0,0x7b2af51a370125da61ce042020dd16014200b7aa2f1cffae5ba50badd576621f,81410174389,True,0.545634,960000000000000.0,1740000000000.0
0xbee1707d6b44d4d52bfe19e41f8a828645437aab,HYPE,15.928,12.6,200.69,SELL,24-03-2025 03:27,5557.63,Close Long,4.0698,0xccb19fea579676ba25a504202363a602011d00fc55f77d134e268b6388366dd2,81426182688,True,0.060207,644000000000000.0,1740000000000.0
0xbee1707d6b44d4d52bfe19e41f8a828645437aab,HYPE,17.112,29.22,500.01,SELL,24-03-2025 18:16,-117.63,Open Short,0.0,0x0663131d5ec965c51f5b04202d8a350203f900a7beae96bc4cb373452924c710,81533489136,True,0.150003,1100000000000000.0,1740000000000.0
0xbee1707d6b44d4d52bfe19e41f8a828645437aab,HYPE,16.6,26.4,438.24,SELL,25-03-2025 18:02,3303.1,Close Long,9.86304,0x1ef907c5504e79a409d404203df15b0205ed008c6348b2d5c2677acd5610a87d,81650027043,False,0.021912,428000000000000.0,1740000000000.0
0xbee1707d6b44d4d52bfe19e41f8a828645437aab,HYPE,16.026,31.19,499.85,BUY,26-03-2025 03:34,6101.35,Open Long,0.0,0xf4f8ad369f4d1e41f67f0420449633016b00679496649698bb958ac848e6ed15,81803549647,True,0.149955,890000000000000.0,1740000000000.0
0xbee1707d6b44d4d52bfe19e41f8a828645437aab,HYPE,16.055,12.48,200.37,BUY,26-03-2025 07:50,10135.7,Open Long,0.0,0x03a0b32bac0492cc4eb7042047830602013900bc075ff1a8ae05969ac1dac33f,81832972394,True,0.060109,97200000000000.0,1740000000000.0
0xbee1707d6b44d4d52bfe19e41f8a828645437aab,HYPE,15.941,100.36,1599.84,SELL,26-03-2025 08:52,10510.88,Close Long,-10.096216,0x0d40073cf51f5782dec604204836cd019800e6a6770860ed8b5b99f927812ee8,81840321235,True,0.479951,1040000000000000.0,1740000000000.0
0xbee1707d6b44d4d52bfe19e41f8a828645437aab,HYPE,15.681,500.0,7840.5,BUY,26-03-2025 10:12,9052.42,Open Long,0.0,0x3f7c6e2d0c31023e1f1b042049211301ba008aee7a67f4fa65e69a6b3b7e1cb3,81849547644,True,2.35215,137000000000000.0,1740000000000.0
0xbee1707d6b44d4d52bfe19e41f8a828645437aab,HYPE,15.719,101.79,1600.04,BUY,26-03-2025 10:13,14925.4,Open Long,0.0,0xc22f99caec483b37c57704204921f601e100ac6a83806f00d121d4a74bc0dcc8,81849584700,True,0.480011,313000000000000.0,1740000000000.0
0xbee1707d6b44d4d52bfe19e41f8a828645437aab,HYPE,15.638,317.86,4970.69,BUY,26-03-2025 10:17,18999.4,Open Long,0.0,0xbd761fd4482f8dc0f4690420492dbc020144002d69a30b9e2b149141f5332d87,81849993425,True,1.491208,38000000000000.0,1740000000000.0
0xbee1707d6b44d4d52bfe19e41f8a828645437aab,HYPE,15.928,67.03,1067.65,SELL,26-03-2025 12:10,19055.06,Close Long,13.794774,0x04596b857326226c2f6d04204a75b101ea00569c3a65e556bad6cb9f8ccfc861,81861187235,True,0.320296,974000000000000.0,1740000000000.0
0xbee1707d6b44d4d52bfe19e41f8a828645437aab,HYPE,15.929,100.44,1599.91,SELL,26-03-2025 12:16,8406.24,Close Long,20.770992,0xc739f38e45ab4405965e04204a877a01d100b61871e9ef9e83f8163035de3f74,81861832862,True,0.479972,1000000000000000.0,1740000000000.0
0xbee1707d6b44d4d52bfe19e41f8a828645437aab,HYPE,15.867,31.51,499.97,SELL,26-03-2025 12:18,5153.74,Close Long,4.562648,0x33d6aa155c4e41a9e94b04204a8e120167006b7717dc60a3be15015214ab8106,81862067252,True,0.14999,427000000000000.0,1740000000000.0
0xbee1707d6b44d4d52bfe19e41f8a828645437aab,HYPE,15.753,31.73,499.84,BUY,26-03-2025 18:54,2168.5,Open Long,0.0,0x4aba46006433f583190104204f1aa3015b003e3f9d73620f05810bf631f470d2,81912158090,True,0.149952,353000000000000.0,1740000000000.0
0xbee1707d6b44d4d52bfe19e41f8a828645437aab,HYPE,14.875,64.78,963.6,SELL,26-03-2025 19:13,13041.39,Close Long,-40.94096,0x63f9d85cc686aae882b504204f52d20202af003492125110aa92610042dce431,81916099745,True,0.28908,682000000000000.0,1740000000000.0
0xbee1707d6b44d4d52bfe19e41f8a828645437aab,HYPE,14.081,532.63,7499.96,SELL,26-03-2025 19:34,-6408.37,Open Short,0.0,0xe235dd094f979d1917f804204f911c02013c00e2a4a7a7e928ea4851243e3ee5,81921937202,True,2.249988,966000000000000.0,1740000000000.0
0xbee1707d6b44d4d52bfe19e41f8a828645437aab,@107,13.352,7.49,100.01,SELL,26-03-2025 19:51,933.2829141,Sell,-21.280264,0xf7aaa894b9d4670bac9604204fc5f502048900dc6b4cef00c23920f6ce1dd420,81926114664,True,0.030001,1020000000000000.0,1740000000000.0
0xbee1707d6b44d4d52bfe19e41f8a828645437aab,HYPE,14.125,1.47,20.76,BUY,26-03-2025 19:57,-2450.13,Close Short,-0.401604,0x52be4079e25b6d6d587a04204fd8da02054600c0e03f96b2fbd5d4de3a201654,81927850528,True,0.006229,869000000000000.0,1740000000000.0
0xbee1707d6b44d4d52bfe19e41f8a828645437aab,HYPE,13.927,14.36,199.99,BUY,26-03-2025 20:04,-163.5,Close Short,4.698592,0x1e1df35eefb942f2220004204feca601cc00d05b87537c51f7c4c51d9d809e24,81929431527,True,0.059997,1070000000000000.0,1740000000000.0
0xbee1707d6b44d4d52bfe19e41f8a828645437aab,HYPE,14.101,139.52,1967.37,BUY,26-03-2025 20:12,-3956.76,Close Short,-14.286848,0xfb3226e8bd708c787c2c042050063c02021700b28e9c74b58704c62995c0bb8f,81931302723,True,0.590211,715000000000000.0,1740000000000.0
0xbee1707d6b44d4d52bfe19e41f8a828645437aab,@107,14.16,141.38,2001.94,BUY,26-03-2025 20:14,603.1453681,Buy,0.0,0xeb9d4746dc4033de2fe10420500d4b01a700127e4d80952e2858a5245becac0f,81931697652,True,0.04241398,996000000000000.0,1740000000000.0
0xbee1707d6b44d4d52bfe19e41f8a828645437aab,HYPE,13.897,356.29,4951.36,SELL,26-03-2025 20:21,-1521.61,Open Short,0.0,0x82a5d637d1823e2182a90420501f8401de006117d674dcea3e3b6d0753d10d2d,81933033950,True,1.485408,314000000000000.0,1740000000000.0
0xbee1707d6b44d4d52bfe19e41f8a828645437aab,HYPE,13.1,10.0,131.0,BUY,26-03-2025 20:42,-177.28,Close Short,3.152,0x8071f8c6f0144d5683cc04205060da02013700a276b949e4fac2f0bc56546959,81937044367,False,0.00655,828000000000000.0,1740000000000.0
0xbee1707d6b44d4d52bfe19e41f8a828645437aab,HYPE,13.144,1.48,19.45,SELL,26-03-2025 20:43,-856.99,Open Short,0.0,0x7b50ac848e75f6cb9efc042050653101950067c8149eb0e09fd3a4bf666cf5da,81937312362,True,0.005835,808000000000000.0,1740000000000.0
0xbee1707d6b44d4d52bfe19e41f8a828645437aab,HYPE,14.209,35.18,499.87,BUY,26-03-2025 21:35,1471.45,Open Long,0.0,0x6135f2b3eafa619a008b04205101e802020e009926e7f0ebd7f22fe6ec7521a4,81946687997,True,0.149961,459000000000000.0,1740000000000.0
0xbee1707d6b44d4d52bfe19e41f8a828645437aab,HYPE,14.777,108.28,1600.05,BUY,28-03-2025 04:38,-1563.2,Close Short,11.661756,0xb32d4329a68770a1693f0420666076015600b549f3dc47127991d649e99af46a,82191678704,True,0.480016,278000000000000.0,1740000000000.0
0xbee1707d6b44d4d52bfe19e41f8a828645437aab,HYPE,13.745,1.43,19.66,BUY,28-03-2025 13:06,1121.7,Open Long,0.0,0x2a7a049c7e803c4561b504206c3281016e00473a12df4d927a11a13960a3c5ed,82264702793,True,0.005896,46200000000000.0,1740000000000.0
0xbee1707d6b44d4d52bfe19e41f8a828645437aab,HYPE,13.575,36.83,499.97,BUY,28-03-2025 16:39,4003.26,Open Long,0.0,0xd69a2f5d46dee4c2bc0904206ea68d02019d00681288483b9ef8caf273418467,82294007014,True,0.14999,12400000000000.0,1740000000000.0
0xbee1707d6b44d4d52bfe19e41f8a828645437aab,HYPE,13.001,38.45,499.89,BUY,29-03-2025 10:05,15432.84,Open Long,0.0,0xc7af5076102daec025b504207aad2f02018d00db08a10cacc0a14ca80fea329d,82436961786,True,0.149966,485000000000000.0,1740000000000.0
0xbee1707d6b44d4d52bfe19e41f8a828645437aab,HYPE,12.668,0.84,10.64,SELL,29-03-2025 13:07,14974.36,Close Long,-0.428484,0xb48b98f04190061ed9df04207cc11e01a2003a1d34b1410457feca8dd796e1eb,82459263579,True,0.003192,1080000000000000.0,1740000000000.0
0xbee1707d6b44d4d52bfe19e41f8a828645437aab,HYPE,12.65,15.8,199.87,SELL,29-03-2025 13:07,8639.65,Close Long,-8.34398,0xf80705c190893b25ca0604207cc1fa015d00f3b13e023cc6f32c16db00ce80bb,82459295360,True,0.05996,593000000000000.0,1740000000000.0
0xbee1707d6b44d4d52bfe19e41f8a828645437aab,HYPE,12.722,26.0,330.77,SELL,29-03-2025 13:29,20592.38,Close Long,1.1726,0x950c91c88748d2bd3d8104207d01bc02014b0010e1e60e4171d3631de07ca2ad,82462719424,True,0.099231,579000000000000.0,1740000000000.0
0xbee1707d6b44d4d52bfe19e41f8a828645437aab,HYPE,12.831,278.88,3578.31,SELL,29-03-2025 13:55,17418.16,Close Long,41.106912,0x3a90403b9944b62c377104207d4ead016100cf3bb263601e0d932d3192207be4,82466762727,True,1.073492,36100000000000.0,1740000000000.0
0xbee1707d6b44d4d52bfe19e41f8a828645437aab,HYPE,12.816,9.44,120.98,SELL,29-03-2025 14:45,16068.09,Close Long,1.249856,0x8c433a824fbfb6db7a5704207dde5401a600457426e58defeff83b12562ca35d,82473079766,True,0.036294,361000000000000.0,1740000000000.0
0xbee1707d6b44d4d52bfe19e41f8a828645437aab,HYPE,12.81,26.72,342.28,SELL,29-03-2025 14:45,14498.55,Close Long,3.377408,0x8c433a824fbfb6db7a5704207dde5401a600457426e58defeff83b12562ca35d,82473079766,True,0.102684,419000000000000.0,1740000000000.0
0xbee1707d6b44d4d52bfe19e41f8a828645437aab,HYPE,12.808,50.0,640.4,SELL,29-03-2025 14:45,13882.98,Close Long,6.22,0x8c433a824fbfb6db7a5704207dde5401a600457426e58defeff83b12562ca35d,82473079766,True,0.192119,446000000000000.0,1740000000000.0
0xbee1707d6b44d4d52bfe19e41f8a828645437aab,HYPE,12.584,22.03,277.23,SELL,29-03-2025 17:37,24181.22,Close Long,-0.581592,0x436d02d6ae22a83b72e804207fde3e0201cd00c8136b4c80b580ac1d227a4e03,82503001076,True,0.083167,661000000000000.0,1740000000000.0
0xbee1707d6b44d4d52bfe19e41f8a828645437aab,@107,12.707,33.03,419.71,SELL,31-03-2025 14:36,810.0336479,Sell,-30.359497,0xd22810bc4290ad48ecfa04209ec4460201390070d0efee12a4dce93b6d3a04dc,82873213061,True,0.125913,102000000000000.0,1740000000000.0
0xbee1707d6b44d4d52bfe19e41f8a828645437aab,HYPE,13.001,150.0,1950.15,BUY,02-04-2025 12:48,74.27,Open Long,0.0,0x5ef7a29b5bc5c75aee8a0420be983201c500d0639a022707d0aa89e024336849,83312563567,True,0.585045,504000000000000.0,1740000000000.0
0xbee1707d6b44d4d52bfe19e41f8a828645437aab,HYPE,11.251,17.77,199.93,BUY,04-04-2025 18:12,12139.74,Open Long,0.0,0xdaac9cde7e92a26fdf690420e3a18e020156003f9b6959a549c0113223a29730,83900639234,True,0.059979,658000000000000.0,1740000000000.0
0xbee1707d6b44d4d52bfe19e41f8a828645437aab,HYPE,11.977,163.26,1955.37,BUY,05-04-2025 5:15,8855.09,Open Long,0.0,0x35c3c45c542e1f1facf90420eb41ea0201cb00b6fc275ee0ebd37a8d8e51ffc3,84044691885,True,0.586609,7650000000000.0,1740000000000.0
0xbee1707d6b44d4d52bfe19e41f8a828645437aab,HYPE,12.006,17.12,205.54,SELL,05-04-2025 16:21,11177.78,Close Long,6.584352,0x32d57bc3ccb7b74dbe370420f2b9ea013000715934396bc8d07a361f738ae74d,84101498744,True,0.061662,945000000000000.0,1740000000000.0
0xbee1707d6b44d4d52bfe19e41f8a828645437aab,HYPE,12.029,15.0,180.44,SELL,06-04-2025 6:14,11333.01,Close Long,6.543,0xfd46694925b6b3543dee0420fc2b5401d500f9cb96ad3688a2080b6378f5cf45,84179663762,True,0.05413,992000000000000.0,1740000000000.0
0xbee1707d6b44d4d52bfe19e41f8a828645437aab,HYPE,11.53,17.34,199.93,BUY,06-04-2025 14:33,8712.61,Open Long,0.0,0x176dbccbe69d9e278cf3042101c75b01f000d2b8d8a5dc385f75277f112bb1ed,84221041026,True,0.059979,48900000000000.0,1740000000000.0
0xbee1707d6b44d4d52bfe19e41f8a828645437aab,HYPE,10.195,20.1,204.92,BUY,07-04-2025 16:02,19485.52,Open Long,0.0,0xc654a377f34acf0c0dca042113290d0201fc0087e7c59c082cc081a3a7ca806a,84598301874,True,0.061475,614000000000000.0,1740000000000.0
0xbee1707d6b44d4d52bfe19e41f8a828645437aab,HYPE,10.93,157.58,1722.35,SELL,07-04-2025 19:57,17483.37,Close Long,-9.029334,0x6fdccd2348de860566a1042115d6920204d1004e7e688aad88d03dbd76cc35ce,84680284820,True,0.516704,571000000000000.0,1740000000000.0
0xbee1707d6b44d4d52bfe19e41f8a828645437aab,HYPE,11.823,25.0,295.57,BUY,08-04-2025 15:32,786.76,Open Long,0.0,0x5456076220a4b551d30604212351ad017400129ba2a3cefd25c07a6522af2537,84922836237,True,0.088672,50200000000000.0,1740000000000.0
0xbee1707d6b44d4d52bfe19e41f8a828645437aab,@107,12.297,3.18,39.1,SELL,09-04-2025 18:37,1315.63362,Sell,-0.713668,0x021a3e0c6137e10f9639042136024102038e006c0d8840d5cc66bb778274d7ee,85296182695,True,0.011731,959000000000000.0,1740000000000.0
0xbee1707d6b44d4d52bfe19e41f8a828645437aab,@107,13.951,23.1,322.27,BUY,11-04-2025 6:12,832.2227371,Buy,0.0,0x701cd6ab63f2eb53e86604214e6699020198002a3d054af9921062a470e259a4,85714000845,True,0.00808494,896000000000000.0,1740000000000.0
0xbee1707d6b44d4d52bfe19e41f8a828645437aab,HYPE,16.787,203.18,3410.78,SELL,13-04-2025 06:43,-5899.52,Open Short,0.0,0xabf68d421fe2ef668ec804216f49d40201b600ad187af4a64a27707104d89546,86132118910,True,1.193773,1090000000000000.0,1740000000000.0
0xbee1707d6b44d4d52bfe19e41f8a828645437aab,HYPE,16.785,30.49,511.77,SELL,13-04-2025 06:51,-11723.44,Open Short,0.0,0x96a37777d0766092dd2e04216f6110016900ade905dbce6680618db6e6a2ef20,86133340296,True,0.179121,872000000000000.0,1740000000000.0
0xbee1707d6b44d4d52bfe19e41f8a828645437aab,HYPE,16.8,9.0,151.2,SELL,13-04-2025 06:55,-12471.46,Open Short,0.0,0xbf0bb7bbd29cc4953b0004216f6a1001f90013aa854be135a9fadcc7676398c2,86132986163,False,0.01512,464000000000000.0,1740000000000.0
0xbee1707d6b44d4d52bfe19e41f8a828645437aab,@107,15.978,28.53,455.85,BUY,13-04-2025 18:27,195.3929582,Buy,0.0,0x9f25083167d6d82b57fd042177337d02026d00cdc25f31de032bdd39d7f44507,86223785466,True,0.00998548,1120000000000000.0,1740000000000.0
0xbee1707d6b44d4d52bfe19e41f8a828645437aab,HYPE,15.591,200.0,3118.2,SELL,14-04-2025 06:24,5194.62,Close Long,75.44,0x95caccd9b81d53b894bc04217f561e02082900ffc87a4ca657d2d37552d6bdfb,86358432427,True,1.09137,424000000000000.0,1740000000000.0
0xbee1707d6b44d4d52bfe19e41f8a828645437aab,@107,15.183,46.56,706.92,BUY,16-04-2025 19:30,185.6760167,Buy,0.0,0x1912c3d50517f755bd070421a8d5c002045d00d941fb888a59bad2a8be83faf4,86945492606,True,0.01629598,231000000000000.0,1740000000000.0
0xbee1707d6b44d4d52bfe19e41f8a828645437aab,HYPE,16.656,31.35,522.17,SELL,17-04-2025 17:15,-7713.17,Open Short,0.0,0xfea659dd1aa98dc2d14d0421b782dd020301002242147cc5d807f100c483fc55,87146386398,True,0.182757,520000000000000.0,1740000000000.0
0xbee1707d6b44d4d52bfe19e41f8a828645437aab,HYPE,16.688,743.21,12402.69,SELL,17-04-2025 17:16,-9937.28,Open Short,0.0,0x8d3da35d22ba44c8c1e50421b7867901890052016a7a793f1a9fa7d75c5afab5,87146524175,True,4.34094,446000000000000.0,1740000000000.0
0xbee1707d6b44d4d52bfe19e41f8a828645437aab,HYPE,16.729,54.76,916.08,SELL,17-04-2025 18:05,-13231.43,Open Short,0.0,0x28e0802c7a008659e9bd0421b810e002011f008f670d3bfa4c28082fff8f08c5,87152836100,True,0.320628,1050000000000000.0,1740000000000.0
0xbee1707d6b44d4d52bfe19e41f8a828645437aab,HYPE,16.595,14.2,235.65,BUY,17-04-2025 18:43,-6007.93,Close Short,0.51546,0xa9bd3368e8f7853751fd0421b87ec301e500ab4f361628bee2714b9f259dffb8,87157483362,True,0.082477,268000000000000.0,1740000000000.0
0xbee1707d6b44d4d52bfe19e41f8a828645437aab,HYPE,16.847,299.98,5053.76,BUY,18-04-2025 05:20,-2512.95,Close Short,52.466502,0x4b9f86ab2cfb10b54d210421bfbebc0174004c598bdf478100bf5470d1d22719,87251700028,True,1.768817,126000000000000.0,1740000000000.0
0xbee1707d6b44d4d52bfe19e41f8a828645437aab,HYPE,16.85,17.8,299.93,BUY,18-04-2025 05:20,-2095.94,Close Short,3.05982,0x4b9f86ab2cfb10b54d210421bfbebc0174004c598bdf478100bf5470d1d22719,87251700028,True,0.104975,265000000000000.0,1740000000000.0
0xbee1707d6b44d4d52bfe19e41f8a828645437aab,HYPE,17.201,12.41,213.46,SELL,18-04-2025 07:57,-1188.98,Open Short,0.0,0xeb8836657e794b76a8ac0421c18a31020219000d7d5768393173471364757837,87271618112,True,0.064039,651000000000000.0,1740000000000.0
0xbee1707d6b44d4d52bfe19e41f8a828645437aab,HYPE,17.25,63.41,1093.82,SELL,18-04-2025 08:10,-5107.96,Open Short,0.0,0xca3ff97c0b62f7684cbf0421c1aec1019b008d81522e4046eec93c31f41baeeb,87272574621,False,0.054691,286000000000000.0,1740000000000.0
0xbee1707d6b44d4d52bfe19e41f8a828645437aab,HYPE,17.192,17.45,300.0,BUY,18-04-2025 08:32,-4210.09,Close Short,0.68055,0x153313c80cb344e181e20421c1eda401680055fe1ff09cd3b14c88d9dfedc4c2,87275496901,True,0.09,634000000000000.0,1740000000000.0
0xbee1707d6b44d4d52bfe19e41f8a828645437aab,HYPE,17.198,12.07,207.58,BUY,18-04-2025 08:32,-3407.45,Close Short,0.39831,0x153313c80cb344e181e20421c1eda401680055fe1ff09cd3b14c88d9dfedc4c2,87275496901,True,0.062273,476000000000000.0,1740000000000.0
0xbee1707d6b44d4d52bfe19e41f8a828645437aab,HYPE,17.836,25.0,445.9,SELL,19-04-2025 11:15,-14084.79,Open Short,0.0,0x085970574465ac239f5c0421d3b8aa018700669a895d7670a4eadd9b39a9c54f,87440695376,True,0.13377,304000000000000.0,1750000000000.0
0xbee1707d6b44d4d52bfe19e41f8a828645437aab,HYPE,17.881,36.96,660.88,SELL,19-04-2025 11:19,-16415.88,Open Short,0.0,0x6432b8ac4340d30748d60421d3c44802012b00cc3f1846cb0ec0ff14f96b765f,87441045014,True,0.198264,199000000000000.0,1750000000000.0
0xbee1707d6b44d4d52bfe19e41f8a828645437aab,HYPE,18.114,2.0,36.23,SELL,19-04-2025 11:34,-22254.77,Open Short,0.0,0xc0e2f5ade7329f04cb890421d3f0690201270030fbf3402b30bfa756b13b31bc,87442392930,True,0.010868,55900000000000.0,1750000000000.0
0xbee1707d6b44d4d52bfe19e41f8a828645437aab,HYPE,18.065,11.08,200.16,BUY,19-04-2025 13:54,-24366.04,Close Short,-1.81712,0x2617b7184fd6949a7dfb0421d578fd019300cf7fbe36d18e4d879c387ce6336f,87454399752,True,0.060048,319000000000000.0,1750000000000.0
0xbee1707d6b44d4d52bfe19e41f8a828645437aab,HYPE,17.9,284.28,5088.61,BUY,19-04-2025 17:34,-14799.7,Close Short,2.444808,0x8ccd3f90bb92c680cee50421d7e53801670029b1929dadd09d7e824be9cff727,87474285836,True,1.526583,530000000000000.0,1750000000000.0
0xbee1707d6b44d4d52bfe19e41f8a828645437aab,HYPE,17.843,84.06,1499.88,BUY,20-04-2025 15:05,-957.25,Close Short,20.737602,0xfb601339a77f10d3ac6a0421e622a402017100aab51c7f57643a8899388132a9,87599518654,True,0.449964,19700000000000.0,1750000000000.0
0xbee1707d6b44d4d52bfe19e41f8a828645437aab,HYPE,18.308,16.36,299.52,SELL,21-04-2025 13:17,-808.13,Open Short,0.0,0x20d27bc3ed6c434bc1740421f4c6500201660016dc0764f84af29357a0aa55e2,87751516429,True,0.089855,155000000000000.0,1750000000000.0
0xbee1707d6b44d4d52bfe19e41f8a828645437aab,HYPE,18.365,57.65,1058.74,BUY,22-04-2025 07:43,-57.65,Close Short,2.011985,0x7ced91c7bd3efac5715904220130b9017900871428a88df148ca001ad2c459fc,87915871912,True,0.317622,277000000000000.0,1750000000000.0
0xbee1707d6b44d4d52bfe19e41f8a828645437aab,HYPE,19.178,10.42,199.83,SELL,23-04-2025 05:07,-14839.74,Open Short,0.0,0xfab6ffd40203ebee934e04220fb2ec0202f800124496b75456014af32df9e0d2,88138219129,True,0.05995,613000000000000.0,1750000000000.0
0xbee1707d6b44d4d52bfe19e41f8a828645437aab,HYPE,17.689,106.73,1887.95,SELL,28-04-2025 09:17,2727.25,Close Long,39.148564,0x64433b1ba382b049805d042263a9a601f50049fee9afb058ad3ac7e9c5e09b94,89433982339,True,0.566384,218000000000000.0,1750000000000.0
0xbee1707d6b44d4d52bfe19e41f8a828645437aab,HYPE,18.683,70.09,1309.49,SELL,29-04-2025 05:32,-4008.22,Open Short,0.0,0xf09bc267abdf3d461712042271831302010d002ddf89f37606b13e79b7642ce6,89642668229,True,0.392847,761000000000000.0,1750000000000.0
0xbee1707d6b44d4d52bfe19e41f8a828645437aab,HYPE,18.673,8.0,149.38,SELL,29-04-2025 05:42,-5008.68,Open Short,0.0,0xcc36cc6ac336836b399c0422719dcb0201dd00b83e68eebc6bd862cf6fd90b59,89644224812,True,0.044815,741000000000000.0,1750000000000.0
0xbee1707d6b44d4d52bfe19e41f8a828645437aab,HYPE,18.84,21.24,400.16,BUY,29-04-2025 16:57,-3268.2,Close Short,1.23192,0x063995bb26023aa6cf5f04227939140201a900e76b50247d125761e539775efb,89746518866,True,0.120048,212000000000000.0,1750000000000.0
0x4acb90e786d897ecffb614dc822eb231b4ffb9f4,SUI,4.0196,1865.8,7499.77,SELL,30-12-2024 20:34,22762.1,Close Long,133.59128,0x3e4f9b643972bc72e4ef041a42d3b10201cc000c3c1f67d005a67e011f6d1f0d,59594507219,True,2.624919,178000000000000.0,1740000000000.0
0x4acb90e786d897ecffb614dc822eb231b4ffb9f4,PNUT,0.62789,3499.4,2197.24,BUY,08-01-2025 2:40,268796.0,Open Long,0.0,0x9b99a71a070b6bf33971041ae8807a01cd00651a79e0b9319828d4344a821ba3,61276225841,True,0.769033,958000000000000.0,1740000000000.0
0x4acb90e786d897ecffb614dc822eb231b4ffb9f4,PNUT,0.59,95.9,56.58,SELL,12-01-2025 21:14,346829.1,Close Long,0.162071,0x679e83447a367c34bbfd041b4b7c7d02010500017978fb31b4adf754a8b6167e,61636246980,False,0.005658,354000000000000.0,1740000000000.0
0x4acb90e786d897ecffb614dc822eb231b4ffb9f4,SUI,2.911,322.8,939.67,SELL,26-02-2025 19:49,88838.5,Close Long,39.165324,0xbf7c48bfd49e3a0ab1ae041e82254a0201ee008336c580ea41ff6529e9f68d0a,75166999020,True,0.328884,720000000000000.0,1740000000000.0
0x4acb90e786d897ecffb614dc822eb231b4ffb9f4,SOL,163.32,30.61,4999.23,BUY,03-03-2025 18:14,823.12,Open Long,0.0,0x95795e22a604526cf269041ed3f98902013a000b8f45529f03cf0f41ff8b58ca,76636956449,True,1.749728,588000000000000.0,1740000000000.0
0x4acb90e786d897ecffb614dc822eb231b4ffb9f4,SOL,116.44,9.0,1047.96,BUY,11-03-2025 0:24,10424.92,Open Long,0.0,0x39f53863bddf877bea0a041f4b24f50204c500ec2cc34b1fd5f8a0911424c443,78755701192,False,0.104796,732000000000000.0,1740000000000.0
0x4acb90e786d897ecffb614dc822eb231b4ffb9f4,SUI,2.2041,907.5,2000.22,BUY,31-03-2025 15:49,46674.2,Open Long,0.0,0x18e3d1324ad88a29379504209f9f1d02013100f3d65e28e273364587eca95a6a,82888550663,True,0.700077,23700000000000.0,1740000000000.0
0x4acb90e786d897ecffb614dc822eb231b4ffb9f4,SOL,117.44,76.33,8964.2,BUY,03-04-2025 5:25,2721.29,Open Long,0.0,0x878ef0de878fb4a7e0250420ca25260202420088a6ebcf89bf7c04eba1f51dc8,82571786789,False,0.896419,884000000000000.0,1740000000000.0
0x4acb90e786d897ecffb614dc822eb231b4ffb9f4,SUI,1.9831,1008.1,1999.16,BUY,06-04-2025 23:49,62314.6,Open Long,0.0,0xc0946402f74b2419b6b3042108068f02060f0097233429da360be257257c3795,84298951614,True,0.599748,86500000000000.0,1740000000000.0
0x4acb90e786d897ecffb614dc822eb231b4ffb9f4,SOL,105.46,5.0,527.3,BUY,07-04-2025 4:33,15999.2,Open Long,0.0,0x44d29eca90dd5dcb3b7804210b4c830209810000c28133b538a92d5adf810b04,84345775040,False,0.026365,1030000000000000.0,1740000000000.0
0x4acb90e786d897ecffb614dc822eb231b4ffb9f4,SUI,1.937,310.8,602.02,SELL,09-04-2025 10:14,47280.6,Close Long,20.8236,0x29d7187b0669c143d2f9042130358b02024200076310ebfc3c4726b4e46a1f4e,85191108040,False,0.0301,211000000000000.0,1740000000000.0
0x4acb90e786d897ecffb614dc822eb231b4ffb9f4,SUI,1.937,14824.4,28714.86,SELL,09-04-2025 10:14,14963.9,Close Long,993.2348,0x04cd345fa832f440cc3904213035b1020298000c149d15b6156928afb65a216a,85191108040,False,1.435743,51900000000000.0,1740000000000.0
0x4acb90e786d897ecffb614dc822eb231b4ffb9f4,BTC,77563.0,0.01726,1338.74,SELL,09-04-2025 20:45,10.0,Close Long,0.70766,0x4ab76102fd46a9c9859004213776de0202a600466d17411f31e507d78c87f1e2,85333307561,False,0.066936,817000000000000.0,1740000000000.0
0x4acb90e786d897ecffb614dc822eb231b4ffb9f4,SOL,114.02,0.2,22.8,BUY,10-04-2025 17:55,1615.41,Open Long,0.0,0x3af5350389f863a060dc042145fc4501bf002fd33130e0f46a114ddb0bda3202,85565276518,True,0.006841,482000000000000.0,1740000000000.0
0x4acb90e786d897ecffb614dc822eb231b4ffb9f4,BTC,93811.0,0.00015,14.07,BUY,23-04-2025 19:09,-2.40322,Close Short,-0.09321,0x40cc030b04bc8c7f58b3042219544a0205c400004b03ec51860d9797d4729b48,88310826888,True,0.004221,629000000000000.0,1750000000000.0
0x4acb90e786d897ecffb614dc822eb231b4ffb9f4,BTC,93820.0,0.10658,9999.34,BUY,23-04-2025 19:09,-0.77632,Close Short,-67.188032,0x40cc030b04bc8c7f58b3042219544a0205c400004b03ec51860d9797d4729b48,88310826888,True,2.9998,935000000000000.0,1750000000000.0
0x92f17e8d81a944691c10e753af1b1baae1a2cd0d,@107,24.232,14.4,348.94,BUY,15-12-2024 10:20,73847.41463,Buy,0.0,0xff5975b43a0a214348cd041944776e015900736f6103255204646c059cab6e04,55518167879,True,0.00503998,1060000000000000.0,1730000000000.0
0x92f17e8d81a944691c10e753af1b1baae1a2cd0d,@107,23.974,17.21,412.59,BUY,15-12-2024 10:38,96036.07589,Buy,0.0,0xf76e0fdb3c2d96826cb7041944b7650186004d7a9c64c218fcff32b398aff4b2,55519957419,True,0.00602348,223000000000000.0,1730000000000.0
0x92f17e8d81a944691c10e753af1b1baae1a2cd0d,@125,0.68712,81.6,56.07,SELL,16-12-2024 22:16,81.60240795,Sell,55.987393,0x5c3e126f5b961ad644f904196367100202bb0078d29e4ed92454872e83e0000b,55828077769,True,0.019624,30800000000000.0,1730000000000.0
0x92f17e8d81a944691c10e753af1b1baae1a2cd0d,HYPE,23.087,12.97,299.44,BUY,19-01-2025 18:40,39340.84,Open Long,0.0,0xbf40139b10da6a86d58e041bd7f66b0201a400556f7c78d2f8f9f001933878e6,64365737144,True,0.104803,472000000000000.0,1740000000000.0
0x92f17e8d81a944691c10e753af1b1baae1a2cd0d,HYPE,24.237,83.09,2013.85,SELL,23-01-2025 05:54,20039.84,Close Long,105.756952,0x616b41c8d20bd9b38ef8041c2ec46901a700816fbdd8c3b422c3eadd97fbbf79,65745951349,True,0.704848,873000000000000.0,1740000000000.0
0x92f17e8d81a944691c10e753af1b1baae1a2cd0d,HYPE,24.153,9.32,225.11,SELL,23-01-2025 05:54,5155.52,Close Long,11.079616,0x8b9018430c780c975ddd041c2ec50e0201a400b34b00b1de74dc560c3dad2b41,65745991199,True,0.078787,1110000000000000.0,1740000000000.0
0x92f17e8d81a944691c10e753af1b1baae1a2cd0d,FARTCOIN,0.82272,70.0,57.59,SELL,29-01-2025 03:59,-329899.3,Open Short,0.0,0x1f899a445b1323badf83041cb4d64c017f0030f10063b9c8fbd07191dd1acc8d,67326852056,True,0.020156,444000000000000.0,1740000000000.0
0x92f17e8d81a944691c10e753af1b1baae1a2cd0d,FARTCOIN,0.8176,6171.7,5045.98,BUY,29-01-2025 05:30,-413509.1,Close Short,25.859423,0x3d06457dbeb12953b637041cb5dd0c0202e100e629f3b5e1a4e87f6f137d8991,67342305976,True,1.766093,151000000000000.0,1740000000000.0
0x92f17e8d81a944691c10e753af1b1baae1a2cd0d,FARTCOIN,0.98396,533.6,525.04,SELL,29-01-2025 19:06,-195374.6,Open Short,0.0,0x3ad737d31049b784807f041cbef84401f3004944fff84783bfffc8eff152ed12,67471786587,True,0.183764,282000000000000.0,1740000000000.0
0x92f17e8d81a944691c10e753af1b1baae1a2cd0d,@107,22.722,2.0,45.44,BUY,08-02-2025 2:19,7462.443688,Buy,0.0,0xaf3e7c67f35a9cb0dfe1041d55431501e700c030d33fb185efbbfc726d0e4690,69422270144,False,0.00019998,885000000000000.0,1740000000000.0
0x92f17e8d81a944691c10e753af1b1baae1a2cd0d,BTC,83741.0,0.00015,12.56,BUY,14-04-2025 03:03,2.57891,Open Long,0.0,0xa0d33a48048c34c00e0704217d0d400202070055b7af156176562b14628ebe26,86320135180,True,0.004396,724000000000000.0,1740000000000.0
0xbd5fead7180a9c139fa51a103cb6a2ce86ddb5c3,ENA,1.084,8609.0,9332.16,SELL,18-12-2024 11:08,-246791.0,Open Short,0.0,0xb920502e59b51e40d517041982fb46017000d2788f374d9c9371721cd4485bfb,56169579230,False,0.933215,615000000000000.0,1730000000000.0
0xbd5fead7180a9c139fa51a103cb6a2ce86ddb5c3,ENA,1.17,512.0,599.04,SELL,19-12-2024 10:43,-271570.0,Open Short,0.0,0xafe87143c22e44132335041997272d018800cf489c9f66ea2048e66feb6dba74,56523422680,False,0.059904,606000000000000.0,1730000000000.0
0xbd5fead7180a9c139fa51a103cb6a2ce86ddb5c3,STX,0.9272,1741.7,1614.9,SELL,23-02-2025 03:44,-3748.4,Open Short,0.0,0xef14c1d016ac3d7c2cfe041e4630e101a000c3648f785a34834cc4238c492764,74155088281,False,0.16149,85000000000000.0,1740000000000.0
0xbd5fead7180a9c139fa51a103cb6a2ce86ddb5c3,ETH,2278.6,47.8141,108949.21,BUY,28-02-2025 03:25,-118.9193,Close Short,22803.50057,0xbcf41eb9ab1e4cb952ff041e9822dc020188008f652a9e60c3478feb4285af49,75615345364,True,38.132222,307000000000000.0,1740000000000.0
0xbd5fead7180a9c139fa51a103cb6a2ce86ddb5c3,SOL,168.65,177.88,29999.46,SELL,03-03-2025 8:55,3455.96,Close Long,2990.198376,0x46a5a50af432e4cc9b0d041ecd89c60201ff00433fb48f73e4cf293198899ce3,76521820329,True,8.999838,1040000000000000.0,1740000000000.0
0xbd5fead7180a9c139fa51a103cb6a2ce86ddb5c3,MELANIA,0.7642,515.9,394.25,BUY,08-03-2025 20:36,-514.9,Short > Long,34.431363,0xe1d7303e2fc42a7cdae5041f2778750202ae00cdaad037ea02c1f0266a715e51,78217687750,False,0.019712,455000000000000.0,1740000000000.0
0xbd5fead7180a9c139fa51a103cb6a2ce86ddb5c3,BTC,82980.0,0.015,1244.7,BUY,12-03-2025 17:55,5.24955,Open Long,0.0,0xa6182af77a371276c4dd041f67e7e00201ba007261561860733b22345463982e,79331963142,False,0.062235,43000000000000.0,1740000000000.0
0xbd5fead7180a9c139fa51a103cb6a2ce86ddb5c3,ETH,1610.0,50.4137,81166.06,BUY,07-04-2025 2:03,-170.7734,Close Short,11639.01092,0xebadbb4e6a1477d6cbf70421098fc502011200742b5d694aa56c800ce06ac544,84329112826,False,8.116605,428000000000000.0,1740000000000.0
0xbd5fead7180a9c139fa51a103cb6a2ce86ddb5c3,BTC,82220.0,0.00015,12.33,SELL,10-04-2025 7:33,36.43739,Close Long,0.45063,0xd2dd0c54584582f1b69904213ee9b102016e00936151915acaaad8529f34da6f,85472845832,False,0.000616,581000000000000.0,1740000000000.0
0xbd5fead7180a9c139fa51a103cb6a2ce86ddb5c3,BTC,84953.0,0.0565,4799.84,BUY,12-04-2025 20:46,21.67508,Open Long,0.0,0x9518485d29c0ff0f840c04216890890201ee001a02b6f6b09dc4f9fe824effea,86048399742,True,1.439953,1010000000000000.0,1740000000000.0
0x271b280974205ca63b716753467d5a371de622ab,SOL,103.42,72.39,7486.57,BUY,09-04-2025 17:28,401.0,Open Long,0.0,0xf5c356dc941818085d1004213535df019b0086e3ccb8c0306b0923ae42bf3f1d,85278785438,False,0.71871,857000000000000.0,1740000000000.0
0x271b280974205ca63b716753467d5a371de622ab,PAXG,3080.0,0.214,659.12,SELL,09-04-2025 17:31,-49.681,Open Short,0.0,0xf1c60c073cfef06afef50421353f9402029b00e927b2bea59c00691046c93fbc,85278992574,False,0.063275,920000000000000.0,1740000000000.0
0x271b280974205ca63b716753467d5a371de622ab,PAXG,3080.0,15.0,46200.0,SELL,09-04-2025 17:32,-73.592,Open Short,0.0,0x5eb57e214c56fd17164204213543f101bb00adfa38198af92fc51be8799b980d,85278992574,False,4.4352,1100000000000000.0,1740000000000.0
0x271b280974205ca63b716753467d5a371de622ab,SOL,103.77,24.22,2513.31,BUY,09-04-2025 17:40,1000.0,Open Long,0.0,0x53758a0b29881f3d0afb0421355a71017e00af8bbcba61c86e19197b7739575d,85281461402,False,0.241276,188000000000000.0,1740000000000.0
0x271b280974205ca63b716753467d5a371de622ab,PAXG,3085.5,1.373,4236.39,BUY,09-04-2025 23:29,-152.3,Close Short,4.657216,0xbea29d8c5fa2b90d77d904213957150207670052f0b42474dcf5c12d015d93f2,85379430895,False,0.406693,526000000000000.0,1740000000000.0
0x271b280974205ca63b716753467d5a371de622ab,SOL,117.87,18.93,2231.28,BUY,10-04-2025 0:16,-5121.35,Close Short,2.583945,0x0880bca89f42a61dac2d042139e0000204aa0058a26b6e4375cc9804a916540c,85399158218,True,0.749709,497000000000000.0,1740000000000.0
0x271b280974205ca63b716753467d5a371de622ab,BTC,82558.0,0.55,45406.9,SELL,10-04-2025 2:09,-11.79554,Open Short,0.0,0x740e29f6e464f6a6976304213b3366020295003a59d019e71b7b901e8e15ea3b,85423199779,True,15.256718,847000000000000.0,1740000000000.0
0x271b280974205ca63b716753467d5a371de622ab,SOL,139.35,184.28,25679.42,SELL,19-04-2025 20:06,-1685.52,Open Short,0.0,0x907580f0a20a912029f60421d9910f012400d5b8a7ebd20c78c57648e70b4777,87487218625,True,7.395672,396000000000000.0,1750000000000.0
0x271b280974205ca63b716753467d5a371de622ab,SOL,139.34,6.76,941.94,SELL,19-04-2025 20:06,-2346.15,Open Short,0.0,0x907580f0a20a912029f60421d9910f012400d5b8a7ebd20c78c57648e70b4777,87487218625,True,0.271277,969000000000000.0,1750000000000.0
0x271b280974205ca63b716753467d5a371de622ab,PAXG,3353.0,0.003,10.06,SELL,20-04-2025 01:51,-18.625,Open Short,0.0,0x0000000000000000000000000000000000000000000000000000000000000000,87521017450,False,0.000481,451000000000000.0,1750000000000.0
0x271b280974205ca63b716753467d5a371de622ab,HYPE,17.759,82.96,1473.29,BUY,20-04-2025 13:56,-22847.51,Close Short,26.895632,0xd71522d724d1e8f5d73f0421e55b3102016800a4206712d85a1b357fb57a056b,87591892448,True,0.424305,469000000000000.0,1750000000000.0
0x271b280974205ca63b716753467d5a371de622ab,HYPE,17.749,33.64,597.08,BUY,20-04-2025 14:40,-17397.45,Close Short,11.242488,0xb984f13460c592c5a46c0421e5dc1901e900c0d710248ca8e5beae6d3752705a,87597114578,True,0.171957,527000000000000.0,1750000000000.0
0x271b280974205ca63b716753467d5a371de622ab,PAXG,3356.4,0.007,23.49,SELL,20-04-2025 19:26,-92.601,Open Short,0.0,0x1b1896db20f814395d720421e8f69e01a100071d90a20100a2860d09ea2068f0,87625325796,False,0.001127,910000000000000.0,1750000000000.0
0x271b280974205ca63b716753467d5a371de622ab,FARTCOIN,0.84797,198.0,167.9,SELL,21-04-2025 04:00,-19054.5,Open Short,0.0,0x9fc7fd9dda6e9f346b380421ee97b4018000d50e8fd611b252e46b751a73ce88,87676963556,False,0.008058,905000000000000.0,1750000000000.0
0x271b280974205ca63b716753467d5a371de622ab,FARTCOIN,0.84767,447.1,378.99,SELL,21-04-2025 04:27,-80962.0,Open Short,0.0,0x8d9a032d593fdfbb1c660421eee17702019e00171c221a7e97b69cbc8c52da61,87678792089,False,0.018191,729000000000000.0,1750000000000.0
0x271b280974205ca63b716753467d5a371de622ab,PAXG,3439.3,0.015,51.59,BUY,22-04-2025 20:56,-227.858,Close Short,-1.142445,0xdcd47bf37c9e2475326704220a21f4020279005e2ad9a8db41ffb79c0c07bd45,88045958408,True,0.014856,828000000000000.0,1750000000000.0
0x271b280974205ca63b716753467d5a371de622ab,BTC,90613.0,0.6189,56080.39,SELL,22-04-2025 21:25,-9.28186,Open Short,0.0,0xfe7153f0135dbd8ccaf504220a774002013e0031efe7a114e4a5590c6455458d,88053742005,True,16.15115,397000000000000.0,1750000000000.0
0x271b280974205ca63b716753467d5a371de622ab,SOL,149.34,78.43,11712.74,BUY,24-04-2025 00:54,-1787.8,Close Short,109.794157,0xd799c1f1d2a341a54cc004221d3f4d02028b00aef09b9b1c937774585fa85fb0,88403592738,True,2.928184,211000000000000.0,1750000000000.0
0x72743ae2822edd658c0c50608fd7c5c501b2afbd,ETH,4026.0,1.2545,5050.62,SELL,17-12-2024 08:37,-164.9336,Open Short,0.0,0x8e811fefc804bdcd795004196c4a53014a00708e60e2fe28c3fbebccb0fd770e,55925087354,False,0.505061,1010000000000000.0,1730000000000.0
0x72743ae2822edd658c0c50608fd7c5c501b2afbd,ETH,4024.0,6.2116,24995.48,SELL,17-12-2024 20:21,-261.8883,Open Short,0.0,0x06e66e16d22d5130431a041976578a02017e00bdecc5524ecb26b4498b138065,56022870409,False,2.499547,338000000000000.0,1730000000000.0
0x72743ae2822edd658c0c50608fd7c5c501b2afbd,ETH,3608.0,0.0032,11.55,SELL,04-01-2025 21:15,-101.7576,Open Short,0.0,0x0000000000000000000000000000000000000000000000000000000000000000,60646431328,False,0.001154,1110000000000000.0,1740000000000.0
0x72743ae2822edd658c0c50608fd7c5c501b2afbd,ETH,3627.0,0.331,1200.54,SELL,04-01-2025 21:47,-200.6648,Open Short,0.0,0x189c3dc5a16f34f85149041aa5d2810202a100999c927ef024630d103cf36a3c,60647462186,False,0.120053,963000000000000.0,1740000000000.0
0x72743ae2822edd658c0c50608fd7c5c501b2afbd,@107,11.95,418.41,5000.0,BUY,08-04-2025 12:16,9888.869497,Buy,0.0,0xf52c703c1783628cae26042121111702020b00272eb1f18512a62c34fc6024d1,84894577656,False,0.04184092,140000000000000.0,1740000000000.0
0x72743ae2822edd658c0c50608fd7c5c501b2afbd,@107,11.95,126.66,1513.59,BUY,08-04-2025 12:16,11400.34833,Buy,0.0,0xf5fdd47ea5c85b47eaae042121127c02048c0020fb0f292ce6ae218a0fffbd71,84894577656,False,0.01266594,379000000000000.0,1740000000000.0
